country_name,country_code,indicator_name,indicator_code,date,amount_value
Aruba,ABW,CO2 emissions (kt),EN.ATM.CO2E.KT,1960,
Aruba,ABW,CO2 emissions (kt),EN.ATM.CO2E.KT,1961,
Aruba,ABW,CO2 emissions (kt),EN.ATM.CO2E.KT,1962,
Aruba,ABW,CO2 emissions (kt),EN.ATM.CO2E.KT,1963,
Aruba,ABW,CO2 emissions (kt),EN.ATM.CO2E.KT,1964,
Aruba,ABW,CO2 emissions (kt),EN.ATM.CO2E.KT,1965,
Aruba,ABW,CO2 emissions (kt),EN.ATM.CO2E.KT,1966,
Aruba,ABW,CO2 emissions (kt),EN.ATM.CO2E.KT,1967,
Aruba,ABW,CO2 emissions (kt),EN.ATM.CO2E.KT,1968,
Aruba,ABW,CO2 emissions (kt),EN.ATM.CO2E.KT,1969,
Aruba,ABW,CO2 emissions (kt),EN.ATM.CO2E.KT,1970,
Aruba,ABW,CO2 emissions (kt),EN.ATM.CO2E.KT,1971,
Aruba,ABW,CO2 emissions (kt),EN.ATM.CO2E.KT,1972,
Aruba,ABW,CO2 emissions (kt),EN.ATM.CO2E.KT,1973,
Aruba,ABW,CO2 emissions (kt),EN.ATM.CO2E.KT,1974,
Aruba,ABW,CO2 emissions (kt),EN.ATM.CO2E.KT,1975,
Aruba,ABW,CO2 emissions (kt),EN.ATM.CO2E.KT,1976,
Aruba,ABW,CO2 emissions (kt),EN.ATM.CO2E.KT,1977,
Aruba,ABW,CO2 emissions (kt),EN.ATM.CO2E.KT,1978,
Aruba,ABW,CO2 emissions (kt),EN.ATM.CO2E.KT,1979,
Aruba,ABW,CO2 emissions (kt),EN.ATM.CO2E.KT,1980,
Aruba,ABW,CO2 emissions (kt),EN.ATM.CO2E.KT,1981,
Aruba,ABW,CO2 emissions (kt),EN.ATM.CO2E.KT,1982,
Aruba,ABW,CO2 emissions (kt),EN.ATM.CO2E.KT,1983,
Aruba,ABW,CO2 emissions (kt),EN.ATM.CO2E.KT,1984,
Aruba,ABW,CO2 emissions (kt),EN.ATM.CO2E.KT,1985,
Aruba,ABW,CO2 emissions (kt),EN.ATM.CO2E.KT,1986,
Aruba,ABW,CO2 emissions (kt),EN.ATM.CO2E.KT,1987,
Aruba,ABW,CO2 emissions (kt),EN.ATM.CO2E.KT,1988,
Aruba,ABW,CO2 emissions (kt),EN.ATM.CO2E.KT,1989,
Aruba,ABW,CO2 emissions (kt),EN.ATM.CO2E.KT,1990,
Aruba,ABW,CO2 emissions (kt),EN.ATM.CO2E.KT,1991,
Aruba,ABW,CO2 emissions (kt),EN.ATM.CO2E.KT,1992,
Aruba,ABW,CO2 emissions (kt),EN.ATM.CO2E.KT,1993,
Aruba,ABW,CO2 emissions (kt),EN.ATM.CO2E.KT,1994,
Aruba,ABW,CO2 emissions (kt),EN.ATM.CO2E.KT,1995,
Aruba,ABW,CO2 emissions (kt),EN.ATM.CO2E.KT,1996,
Aruba,ABW,CO2 emissions (kt),EN.ATM.CO2E.KT,1997,
Aruba,ABW,CO2 emissions (kt),EN.ATM.CO2E.KT,1998,
Aruba,ABW,CO2 emissions (kt),EN.ATM.CO2E.KT,1999,
Aruba,ABW,CO2 emissions (kt),EN.ATM.CO2E.KT,2000,
Aruba,ABW,CO2 emissions (kt),EN.ATM.CO2E.KT,2001,
Aruba,ABW,CO2 emissions (kt),EN.ATM.CO2E.KT,2002,
Aruba,ABW,CO2 emissions (kt),EN.ATM.CO2E.KT,2003,
Aruba,ABW,CO2 emissions (kt),EN.ATM.CO2E.KT,2004,
Aruba,ABW,CO2 emissions (kt),EN.ATM.CO2E.KT,2005,
Aruba,ABW,CO2 emissions (kt),EN.ATM.CO2E.KT,2006,
Aruba,ABW,CO2 emissions (kt),EN.ATM.CO2E.KT,2007,
Aruba,ABW,CO2 emissions (kt),EN.ATM.CO2E.KT,2008,
Aruba,ABW,CO2 emissions (kt),EN.ATM.CO2E.KT,2009,
Aruba,ABW,CO2 emissions (kt),EN.ATM.CO2E.KT,2010,
Aruba,ABW,CO2 emissions (kt),EN.ATM.CO2E.KT,2011,
Aruba,ABW,CO2 emissions (kt),EN.ATM.CO2E.KT,2012,
Aruba,ABW,CO2 emissions (kt),EN.ATM.CO2E.KT,2013,
Aruba,ABW,CO2 emissions (kt),EN.ATM.CO2E.KT,2014,
Aruba,ABW,CO2 emissions (kt),EN.ATM.CO2E.KT,2015,
Aruba,ABW,CO2 emissions (kt),EN.ATM.CO2E.KT,2016,
Aruba,ABW,CO2 emissions (kt),EN.ATM.CO2E.KT,2017,
Aruba,ABW,CO2 emissions (kt),EN.ATM.CO2E.KT,2018,
Aruba,ABW,CO2 emissions (kt),EN.ATM.CO2E.KT,2019,
Aruba,ABW,CO2 emissions (kt),EN.ATM.CO2E.KT,2020,
Aruba,ABW,CO2 emissions (kt),EN.ATM.CO2E.KT,2021,
Africa Eastern and Southern,AFE,CO2 emissions (kt),EN.ATM.CO2E.KT,1960,
Africa Eastern and Southern,AFE,CO2 emissions (kt),EN.ATM.CO2E.KT,1961,
Africa Eastern and Southern,AFE,CO2 emissions (kt),EN.ATM.CO2E.KT,1962,
Africa Eastern and Southern,AFE,CO2 emissions (kt),EN.ATM.CO2E.KT,1963,
Africa Eastern and Southern,AFE,CO2 emissions (kt),EN.ATM.CO2E.KT,1964,
Africa Eastern and Southern,AFE,CO2 emissions (kt),EN.ATM.CO2E.KT,1965,
Africa Eastern and Southern,AFE,CO2 emissions (kt),EN.ATM.CO2E.KT,1966,
Africa Eastern and Southern,AFE,CO2 emissions (kt),EN.ATM.CO2E.KT,1967,
Africa Eastern and Southern,AFE,CO2 emissions (kt),EN.ATM.CO2E.KT,1968,
Africa Eastern and Southern,AFE,CO2 emissions (kt),EN.ATM.CO2E.KT,1969,
Africa Eastern and Southern,AFE,CO2 emissions (kt),EN.ATM.CO2E.KT,1970,
Africa Eastern and Southern,AFE,CO2 emissions (kt),EN.ATM.CO2E.KT,1971,
Africa Eastern and Southern,AFE,CO2 emissions (kt),EN.ATM.CO2E.KT,1972,
Africa Eastern and Southern,AFE,CO2 emissions (kt),EN.ATM.CO2E.KT,1973,
Africa Eastern and Southern,AFE,CO2 emissions (kt),EN.ATM.CO2E.KT,1974,
Africa Eastern and Southern,AFE,CO2 emissions (kt),EN.ATM.CO2E.KT,1975,
Africa Eastern and Southern,AFE,CO2 emissions (kt),EN.ATM.CO2E.KT,1976,
Africa Eastern and Southern,AFE,CO2 emissions (kt),EN.ATM.CO2E.KT,1977,
Africa Eastern and Southern,AFE,CO2 emissions (kt),EN.ATM.CO2E.KT,1978,
Africa Eastern and Southern,AFE,CO2 emissions (kt),EN.ATM.CO2E.KT,1979,
Africa Eastern and Southern,AFE,CO2 emissions (kt),EN.ATM.CO2E.KT,1980,
Africa Eastern and Southern,AFE,CO2 emissions (kt),EN.ATM.CO2E.KT,1981,
Africa Eastern and Southern,AFE,CO2 emissions (kt),EN.ATM.CO2E.KT,1982,
Africa Eastern and Southern,AFE,CO2 emissions (kt),EN.ATM.CO2E.KT,1983,
Africa Eastern and Southern,AFE,CO2 emissions (kt),EN.ATM.CO2E.KT,1984,
Africa Eastern and Southern,AFE,CO2 emissions (kt),EN.ATM.CO2E.KT,1985,
Africa Eastern and Southern,AFE,CO2 emissions (kt),EN.ATM.CO2E.KT,1986,
Africa Eastern and Southern,AFE,CO2 emissions (kt),EN.ATM.CO2E.KT,1987,
Africa Eastern and Southern,AFE,CO2 emissions (kt),EN.ATM.CO2E.KT,1988,
Africa Eastern and Southern,AFE,CO2 emissions (kt),EN.ATM.CO2E.KT,1989,
Africa Eastern and Southern,AFE,CO2 emissions (kt),EN.ATM.CO2E.KT,1990,304354.882668939
Africa Eastern and Southern,AFE,CO2 emissions (kt),EN.ATM.CO2E.KT,1991,298735.435601561
Africa Eastern and Southern,AFE,CO2 emissions (kt),EN.ATM.CO2E.KT,1992,295090
Africa Eastern and Southern,AFE,CO2 emissions (kt),EN.ATM.CO2E.KT,1993,303600
Africa Eastern and Southern,AFE,CO2 emissions (kt),EN.ATM.CO2E.KT,1994,312160
Africa Eastern and Southern,AFE,CO2 emissions (kt),EN.ATM.CO2E.KT,1995,327430
Africa Eastern and Southern,AFE,CO2 emissions (kt),EN.ATM.CO2E.KT,1996,340070
Africa Eastern and Southern,AFE,CO2 emissions (kt),EN.ATM.CO2E.KT,1997,356590
Africa Eastern and Southern,AFE,CO2 emissions (kt),EN.ATM.CO2E.KT,1998,365690
Africa Eastern and Southern,AFE,CO2 emissions (kt),EN.ATM.CO2E.KT,1999,351070
Africa Eastern and Southern,AFE,CO2 emissions (kt),EN.ATM.CO2E.KT,2000,355920
Africa Eastern and Southern,AFE,CO2 emissions (kt),EN.ATM.CO2E.KT,2001,393150
Africa Eastern and Southern,AFE,CO2 emissions (kt),EN.ATM.CO2E.KT,2002,404210.007127375
Africa Eastern and Southern,AFE,CO2 emissions (kt),EN.ATM.CO2E.KT,2003,426379.996828735
Africa Eastern and Southern,AFE,CO2 emissions (kt),EN.ATM.CO2E.KT,2004,457599.99126941
Africa Eastern and Southern,AFE,CO2 emissions (kt),EN.ATM.CO2E.KT,2005,458459.994629025
Africa Eastern and Southern,AFE,CO2 emissions (kt),EN.ATM.CO2E.KT,2006,465440.008163452
Africa Eastern and Southern,AFE,CO2 emissions (kt),EN.ATM.CO2E.KT,2007,486179.996997118
Africa Eastern and Southern,AFE,CO2 emissions (kt),EN.ATM.CO2E.KT,2008,519309.990122914
Africa Eastern and Southern,AFE,CO2 emissions (kt),EN.ATM.CO2E.KT,2009,501940.011456609
Africa Eastern and Southern,AFE,CO2 emissions (kt),EN.ATM.CO2E.KT,2010,529639.997445047
Africa Eastern and Southern,AFE,CO2 emissions (kt),EN.ATM.CO2E.KT,2011,521760.009862482
Africa Eastern and Southern,AFE,CO2 emissions (kt),EN.ATM.CO2E.KT,2012,543439.999304712
Africa Eastern and Southern,AFE,CO2 emissions (kt),EN.ATM.CO2E.KT,2013,565430.012963712
Africa Eastern and Southern,AFE,CO2 emissions (kt),EN.ATM.CO2E.KT,2014,587699.99242574
Africa Eastern and Southern,AFE,CO2 emissions (kt),EN.ATM.CO2E.KT,2015,574029.994986952
Africa Eastern and Southern,AFE,CO2 emissions (kt),EN.ATM.CO2E.KT,2016,578510.015696288
Africa Eastern and Southern,AFE,CO2 emissions (kt),EN.ATM.CO2E.KT,2017,587509.992346167
Africa Eastern and Southern,AFE,CO2 emissions (kt),EN.ATM.CO2E.KT,2018,590040.005281568
Africa Eastern and Southern,AFE,CO2 emissions (kt),EN.ATM.CO2E.KT,2019,603030.016154051
Africa Eastern and Southern,AFE,CO2 emissions (kt),EN.ATM.CO2E.KT,2020,
Africa Eastern and Southern,AFE,CO2 emissions (kt),EN.ATM.CO2E.KT,2021,
Afghanistan,AFG,CO2 emissions (kt),EN.ATM.CO2E.KT,1960,
Afghanistan,AFG,CO2 emissions (kt),EN.ATM.CO2E.KT,1961,
Afghanistan,AFG,CO2 emissions (kt),EN.ATM.CO2E.KT,1962,
Afghanistan,AFG,CO2 emissions (kt),EN.ATM.CO2E.KT,1963,
Afghanistan,AFG,CO2 emissions (kt),EN.ATM.CO2E.KT,1964,
Afghanistan,AFG,CO2 emissions (kt),EN.ATM.CO2E.KT,1965,
Afghanistan,AFG,CO2 emissions (kt),EN.ATM.CO2E.KT,1966,
Afghanistan,AFG,CO2 emissions (kt),EN.ATM.CO2E.KT,1967,
Afghanistan,AFG,CO2 emissions (kt),EN.ATM.CO2E.KT,1968,
Afghanistan,AFG,CO2 emissions (kt),EN.ATM.CO2E.KT,1969,
Afghanistan,AFG,CO2 emissions (kt),EN.ATM.CO2E.KT,1970,
Afghanistan,AFG,CO2 emissions (kt),EN.ATM.CO2E.KT,1971,
Afghanistan,AFG,CO2 emissions (kt),EN.ATM.CO2E.KT,1972,
Afghanistan,AFG,CO2 emissions (kt),EN.ATM.CO2E.KT,1973,
Afghanistan,AFG,CO2 emissions (kt),EN.ATM.CO2E.KT,1974,
Afghanistan,AFG,CO2 emissions (kt),EN.ATM.CO2E.KT,1975,
Afghanistan,AFG,CO2 emissions (kt),EN.ATM.CO2E.KT,1976,
Afghanistan,AFG,CO2 emissions (kt),EN.ATM.CO2E.KT,1977,
Afghanistan,AFG,CO2 emissions (kt),EN.ATM.CO2E.KT,1978,
Afghanistan,AFG,CO2 emissions (kt),EN.ATM.CO2E.KT,1979,
Afghanistan,AFG,CO2 emissions (kt),EN.ATM.CO2E.KT,1980,
Afghanistan,AFG,CO2 emissions (kt),EN.ATM.CO2E.KT,1981,
Afghanistan,AFG,CO2 emissions (kt),EN.ATM.CO2E.KT,1982,
Afghanistan,AFG,CO2 emissions (kt),EN.ATM.CO2E.KT,1983,
Afghanistan,AFG,CO2 emissions (kt),EN.ATM.CO2E.KT,1984,
Afghanistan,AFG,CO2 emissions (kt),EN.ATM.CO2E.KT,1985,
Afghanistan,AFG,CO2 emissions (kt),EN.ATM.CO2E.KT,1986,
Afghanistan,AFG,CO2 emissions (kt),EN.ATM.CO2E.KT,1987,
Afghanistan,AFG,CO2 emissions (kt),EN.ATM.CO2E.KT,1988,
Afghanistan,AFG,CO2 emissions (kt),EN.ATM.CO2E.KT,1989,
Afghanistan,AFG,CO2 emissions (kt),EN.ATM.CO2E.KT,1990,2380
Afghanistan,AFG,CO2 emissions (kt),EN.ATM.CO2E.KT,1991,2230
Afghanistan,AFG,CO2 emissions (kt),EN.ATM.CO2E.KT,1992,1390
Afghanistan,AFG,CO2 emissions (kt),EN.ATM.CO2E.KT,1993,1340
Afghanistan,AFG,CO2 emissions (kt),EN.ATM.CO2E.KT,1994,1290
Afghanistan,AFG,CO2 emissions (kt),EN.ATM.CO2E.KT,1995,1240
Afghanistan,AFG,CO2 emissions (kt),EN.ATM.CO2E.KT,1996,1180
Afghanistan,AFG,CO2 emissions (kt),EN.ATM.CO2E.KT,1997,1100
Afghanistan,AFG,CO2 emissions (kt),EN.ATM.CO2E.KT,1998,1040
Afghanistan,AFG,CO2 emissions (kt),EN.ATM.CO2E.KT,1999,810
Afghanistan,AFG,CO2 emissions (kt),EN.ATM.CO2E.KT,2000,760
Afghanistan,AFG,CO2 emissions (kt),EN.ATM.CO2E.KT,2001,730
Afghanistan,AFG,CO2 emissions (kt),EN.ATM.CO2E.KT,2002,1029.99997138977
Afghanistan,AFG,CO2 emissions (kt),EN.ATM.CO2E.KT,2003,1220.00002861023
Afghanistan,AFG,CO2 emissions (kt),EN.ATM.CO2E.KT,2004,1029.99997138977
Afghanistan,AFG,CO2 emissions (kt),EN.ATM.CO2E.KT,2005,1549.99995231628
Afghanistan,AFG,CO2 emissions (kt),EN.ATM.CO2E.KT,2006,1759.99999046326
Afghanistan,AFG,CO2 emissions (kt),EN.ATM.CO2E.KT,2007,1769.99998092651
Afghanistan,AFG,CO2 emissions (kt),EN.ATM.CO2E.KT,2008,3559.99994277954
Afghanistan,AFG,CO2 emissions (kt),EN.ATM.CO2E.KT,2009,4880.00011444092
Afghanistan,AFG,CO2 emissions (kt),EN.ATM.CO2E.KT,2010,7110.0001335144
Afghanistan,AFG,CO2 emissions (kt),EN.ATM.CO2E.KT,2011,8930.00030517578
Afghanistan,AFG,CO2 emissions (kt),EN.ATM.CO2E.KT,2012,8079.99992370605
Afghanistan,AFG,CO2 emissions (kt),EN.ATM.CO2E.KT,2013,5989.99977111816
Afghanistan,AFG,CO2 emissions (kt),EN.ATM.CO2E.KT,2014,4880.00011444092
Afghanistan,AFG,CO2 emissions (kt),EN.ATM.CO2E.KT,2015,5949.99980926514
Afghanistan,AFG,CO2 emissions (kt),EN.ATM.CO2E.KT,2016,5300.00019073486
Afghanistan,AFG,CO2 emissions (kt),EN.ATM.CO2E.KT,2017,4780.00020980835
Afghanistan,AFG,CO2 emissions (kt),EN.ATM.CO2E.KT,2018,6070.00017166138
Afghanistan,AFG,CO2 emissions (kt),EN.ATM.CO2E.KT,2019,6079.99992370605
Afghanistan,AFG,CO2 emissions (kt),EN.ATM.CO2E.KT,2020,
Afghanistan,AFG,CO2 emissions (kt),EN.ATM.CO2E.KT,2021,
Africa Western and Central,AFW,CO2 emissions (kt),EN.ATM.CO2E.KT,1960,
Africa Western and Central,AFW,CO2 emissions (kt),EN.ATM.CO2E.KT,1961,
Africa Western and Central,AFW,CO2 emissions (kt),EN.ATM.CO2E.KT,1962,
Africa Western and Central,AFW,CO2 emissions (kt),EN.ATM.CO2E.KT,1963,
Africa Western and Central,AFW,CO2 emissions (kt),EN.ATM.CO2E.KT,1964,
Africa Western and Central,AFW,CO2 emissions (kt),EN.ATM.CO2E.KT,1965,
Africa Western and Central,AFW,CO2 emissions (kt),EN.ATM.CO2E.KT,1966,
Africa Western and Central,AFW,CO2 emissions (kt),EN.ATM.CO2E.KT,1967,
Africa Western and Central,AFW,CO2 emissions (kt),EN.ATM.CO2E.KT,1968,
Africa Western and Central,AFW,CO2 emissions (kt),EN.ATM.CO2E.KT,1969,
Africa Western and Central,AFW,CO2 emissions (kt),EN.ATM.CO2E.KT,1970,
Africa Western and Central,AFW,CO2 emissions (kt),EN.ATM.CO2E.KT,1971,
Africa Western and Central,AFW,CO2 emissions (kt),EN.ATM.CO2E.KT,1972,
Africa Western and Central,AFW,CO2 emissions (kt),EN.ATM.CO2E.KT,1973,
Africa Western and Central,AFW,CO2 emissions (kt),EN.ATM.CO2E.KT,1974,
Africa Western and Central,AFW,CO2 emissions (kt),EN.ATM.CO2E.KT,1975,
Africa Western and Central,AFW,CO2 emissions (kt),EN.ATM.CO2E.KT,1976,
Africa Western and Central,AFW,CO2 emissions (kt),EN.ATM.CO2E.KT,1977,
Africa Western and Central,AFW,CO2 emissions (kt),EN.ATM.CO2E.KT,1978,
Africa Western and Central,AFW,CO2 emissions (kt),EN.ATM.CO2E.KT,1979,
Africa Western and Central,AFW,CO2 emissions (kt),EN.ATM.CO2E.KT,1980,
Africa Western and Central,AFW,CO2 emissions (kt),EN.ATM.CO2E.KT,1981,
Africa Western and Central,AFW,CO2 emissions (kt),EN.ATM.CO2E.KT,1982,
Africa Western and Central,AFW,CO2 emissions (kt),EN.ATM.CO2E.KT,1983,
Africa Western and Central,AFW,CO2 emissions (kt),EN.ATM.CO2E.KT,1984,
Africa Western and Central,AFW,CO2 emissions (kt),EN.ATM.CO2E.KT,1985,
Africa Western and Central,AFW,CO2 emissions (kt),EN.ATM.CO2E.KT,1986,
Africa Western and Central,AFW,CO2 emissions (kt),EN.ATM.CO2E.KT,1987,
Africa Western and Central,AFW,CO2 emissions (kt),EN.ATM.CO2E.KT,1988,
Africa Western and Central,AFW,CO2 emissions (kt),EN.ATM.CO2E.KT,1989,
Africa Western and Central,AFW,CO2 emissions (kt),EN.ATM.CO2E.KT,1990,97925.7968877046
Africa Western and Central,AFW,CO2 emissions (kt),EN.ATM.CO2E.KT,1991,111479.470508094
Africa Western and Central,AFW,CO2 emissions (kt),EN.ATM.CO2E.KT,1992,122740.53316587
Africa Western and Central,AFW,CO2 emissions (kt),EN.ATM.CO2E.KT,1993,116094.991256618
Africa Western and Central,AFW,CO2 emissions (kt),EN.ATM.CO2E.KT,1994,107217.43603134
Africa Western and Central,AFW,CO2 emissions (kt),EN.ATM.CO2E.KT,1995,117296.844580631
Africa Western and Central,AFW,CO2 emissions (kt),EN.ATM.CO2E.KT,1996,135518.105893252
Africa Western and Central,AFW,CO2 emissions (kt),EN.ATM.CO2E.KT,1997,135548.40732559
Africa Western and Central,AFW,CO2 emissions (kt),EN.ATM.CO2E.KT,1998,130417.364783011
Africa Western and Central,AFW,CO2 emissions (kt),EN.ATM.CO2E.KT,1999,133013.187486639
Africa Western and Central,AFW,CO2 emissions (kt),EN.ATM.CO2E.KT,2000,141740
Africa Western and Central,AFW,CO2 emissions (kt),EN.ATM.CO2E.KT,2001,149460
Africa Western and Central,AFW,CO2 emissions (kt),EN.ATM.CO2E.KT,2002,141659.99802947
Africa Western and Central,AFW,CO2 emissions (kt),EN.ATM.CO2E.KT,2003,150990.000024438
Africa Western and Central,AFW,CO2 emissions (kt),EN.ATM.CO2E.KT,2004,150990.002661943
Africa Western and Central,AFW,CO2 emissions (kt),EN.ATM.CO2E.KT,2005,155280.000969768
Africa Western and Central,AFW,CO2 emissions (kt),EN.ATM.CO2E.KT,2006,148879.997208714
Africa Western and Central,AFW,CO2 emissions (kt),EN.ATM.CO2E.KT,2007,142610.002428293
Africa Western and Central,AFW,CO2 emissions (kt),EN.ATM.CO2E.KT,2008,151339.999720454
Africa Western and Central,AFW,CO2 emissions (kt),EN.ATM.CO2E.KT,2009,146719.997555017
Africa Western and Central,AFW,CO2 emissions (kt),EN.ATM.CO2E.KT,2010,165489.997714758
Africa Western and Central,AFW,CO2 emissions (kt),EN.ATM.CO2E.KT,2011,171780.000016093
Africa Western and Central,AFW,CO2 emissions (kt),EN.ATM.CO2E.KT,2012,177939.995750785
Africa Western and Central,AFW,CO2 emissions (kt),EN.ATM.CO2E.KT,2013,193299.99756068
Africa Western and Central,AFW,CO2 emissions (kt),EN.ATM.CO2E.KT,2014,201680.001884699
Africa Western and Central,AFW,CO2 emissions (kt),EN.ATM.CO2E.KT,2015,198410.002499818
Africa Western and Central,AFW,CO2 emissions (kt),EN.ATM.CO2E.KT,2016,206030.001297593
Africa Western and Central,AFW,CO2 emissions (kt),EN.ATM.CO2E.KT,2017,204740.000456572
Africa Western and Central,AFW,CO2 emissions (kt),EN.ATM.CO2E.KT,2018,211719.999298453
Africa Western and Central,AFW,CO2 emissions (kt),EN.ATM.CO2E.KT,2019,220740.000024438
Africa Western and Central,AFW,CO2 emissions (kt),EN.ATM.CO2E.KT,2020,
Africa Western and Central,AFW,CO2 emissions (kt),EN.ATM.CO2E.KT,2021,
Angola,AGO,CO2 emissions (kt),EN.ATM.CO2E.KT,1960,
Angola,AGO,CO2 emissions (kt),EN.ATM.CO2E.KT,1961,
Angola,AGO,CO2 emissions (kt),EN.ATM.CO2E.KT,1962,
Angola,AGO,CO2 emissions (kt),EN.ATM.CO2E.KT,1963,
Angola,AGO,CO2 emissions (kt),EN.ATM.CO2E.KT,1964,
Angola,AGO,CO2 emissions (kt),EN.ATM.CO2E.KT,1965,
Angola,AGO,CO2 emissions (kt),EN.ATM.CO2E.KT,1966,
Angola,AGO,CO2 emissions (kt),EN.ATM.CO2E.KT,1967,
Angola,AGO,CO2 emissions (kt),EN.ATM.CO2E.KT,1968,
Angola,AGO,CO2 emissions (kt),EN.ATM.CO2E.KT,1969,
Angola,AGO,CO2 emissions (kt),EN.ATM.CO2E.KT,1970,
Angola,AGO,CO2 emissions (kt),EN.ATM.CO2E.KT,1971,
Angola,AGO,CO2 emissions (kt),EN.ATM.CO2E.KT,1972,
Angola,AGO,CO2 emissions (kt),EN.ATM.CO2E.KT,1973,
Angola,AGO,CO2 emissions (kt),EN.ATM.CO2E.KT,1974,
Angola,AGO,CO2 emissions (kt),EN.ATM.CO2E.KT,1975,
Angola,AGO,CO2 emissions (kt),EN.ATM.CO2E.KT,1976,
Angola,AGO,CO2 emissions (kt),EN.ATM.CO2E.KT,1977,
Angola,AGO,CO2 emissions (kt),EN.ATM.CO2E.KT,1978,
Angola,AGO,CO2 emissions (kt),EN.ATM.CO2E.KT,1979,
Angola,AGO,CO2 emissions (kt),EN.ATM.CO2E.KT,1980,
Angola,AGO,CO2 emissions (kt),EN.ATM.CO2E.KT,1981,
Angola,AGO,CO2 emissions (kt),EN.ATM.CO2E.KT,1982,
Angola,AGO,CO2 emissions (kt),EN.ATM.CO2E.KT,1983,
Angola,AGO,CO2 emissions (kt),EN.ATM.CO2E.KT,1984,
Angola,AGO,CO2 emissions (kt),EN.ATM.CO2E.KT,1985,
Angola,AGO,CO2 emissions (kt),EN.ATM.CO2E.KT,1986,
Angola,AGO,CO2 emissions (kt),EN.ATM.CO2E.KT,1987,
Angola,AGO,CO2 emissions (kt),EN.ATM.CO2E.KT,1988,
Angola,AGO,CO2 emissions (kt),EN.ATM.CO2E.KT,1989,
Angola,AGO,CO2 emissions (kt),EN.ATM.CO2E.KT,1990,6560
Angola,AGO,CO2 emissions (kt),EN.ATM.CO2E.KT,1991,6670
Angola,AGO,CO2 emissions (kt),EN.ATM.CO2E.KT,1992,6880
Angola,AGO,CO2 emissions (kt),EN.ATM.CO2E.KT,1993,9270
Angola,AGO,CO2 emissions (kt),EN.ATM.CO2E.KT,1994,11300
Angola,AGO,CO2 emissions (kt),EN.ATM.CO2E.KT,1995,12720
Angola,AGO,CO2 emissions (kt),EN.ATM.CO2E.KT,1996,15440
Angola,AGO,CO2 emissions (kt),EN.ATM.CO2E.KT,1997,16160
Angola,AGO,CO2 emissions (kt),EN.ATM.CO2E.KT,1998,16770
Angola,AGO,CO2 emissions (kt),EN.ATM.CO2E.KT,1999,17610
Angola,AGO,CO2 emissions (kt),EN.ATM.CO2E.KT,2000,16200
Angola,AGO,CO2 emissions (kt),EN.ATM.CO2E.KT,2001,15960
Angola,AGO,CO2 emissions (kt),EN.ATM.CO2E.KT,2002,15689.9995803833
Angola,AGO,CO2 emissions (kt),EN.ATM.CO2E.KT,2003,16760.0002288818
Angola,AGO,CO2 emissions (kt),EN.ATM.CO2E.KT,2004,17450.0007629395
Angola,AGO,CO2 emissions (kt),EN.ATM.CO2E.KT,2005,15810.0004196167
Angola,AGO,CO2 emissions (kt),EN.ATM.CO2E.KT,2006,16559.9994659424
Angola,AGO,CO2 emissions (kt),EN.ATM.CO2E.KT,2007,16969.9993133545
Angola,AGO,CO2 emissions (kt),EN.ATM.CO2E.KT,2008,19280.0006866455
Angola,AGO,CO2 emissions (kt),EN.ATM.CO2E.KT,2009,21149.9996185303
Angola,AGO,CO2 emissions (kt),EN.ATM.CO2E.KT,2010,22799.9992370605
Angola,AGO,CO2 emissions (kt),EN.ATM.CO2E.KT,2011,23870.0008392334
Angola,AGO,CO2 emissions (kt),EN.ATM.CO2E.KT,2012,23870.0008392334
Angola,AGO,CO2 emissions (kt),EN.ATM.CO2E.KT,2013,26959.9990844727
Angola,AGO,CO2 emissions (kt),EN.ATM.CO2E.KT,2014,29629.9991607666
Angola,AGO,CO2 emissions (kt),EN.ATM.CO2E.KT,2015,31649.9996185303
Angola,AGO,CO2 emissions (kt),EN.ATM.CO2E.KT,2016,29760.0002288818
Angola,AGO,CO2 emissions (kt),EN.ATM.CO2E.KT,2017,24250
Angola,AGO,CO2 emissions (kt),EN.ATM.CO2E.KT,2018,23959.9990844727
Angola,AGO,CO2 emissions (kt),EN.ATM.CO2E.KT,2019,25209.9990844727
Angola,AGO,CO2 emissions (kt),EN.ATM.CO2E.KT,2020,
Angola,AGO,CO2 emissions (kt),EN.ATM.CO2E.KT,2021,
Albania,ALB,CO2 emissions (kt),EN.ATM.CO2E.KT,1960,
Albania,ALB,CO2 emissions (kt),EN.ATM.CO2E.KT,1961,
Albania,ALB,CO2 emissions (kt),EN.ATM.CO2E.KT,1962,
Albania,ALB,CO2 emissions (kt),EN.ATM.CO2E.KT,1963,
Albania,ALB,CO2 emissions (kt),EN.ATM.CO2E.KT,1964,
Albania,ALB,CO2 emissions (kt),EN.ATM.CO2E.KT,1965,
Albania,ALB,CO2 emissions (kt),EN.ATM.CO2E.KT,1966,
Albania,ALB,CO2 emissions (kt),EN.ATM.CO2E.KT,1967,
Albania,ALB,CO2 emissions (kt),EN.ATM.CO2E.KT,1968,
Albania,ALB,CO2 emissions (kt),EN.ATM.CO2E.KT,1969,
Albania,ALB,CO2 emissions (kt),EN.ATM.CO2E.KT,1970,
Albania,ALB,CO2 emissions (kt),EN.ATM.CO2E.KT,1971,
Albania,ALB,CO2 emissions (kt),EN.ATM.CO2E.KT,1972,
Albania,ALB,CO2 emissions (kt),EN.ATM.CO2E.KT,1973,
Albania,ALB,CO2 emissions (kt),EN.ATM.CO2E.KT,1974,
Albania,ALB,CO2 emissions (kt),EN.ATM.CO2E.KT,1975,
Albania,ALB,CO2 emissions (kt),EN.ATM.CO2E.KT,1976,
Albania,ALB,CO2 emissions (kt),EN.ATM.CO2E.KT,1977,
Albania,ALB,CO2 emissions (kt),EN.ATM.CO2E.KT,1978,
Albania,ALB,CO2 emissions (kt),EN.ATM.CO2E.KT,1979,
Albania,ALB,CO2 emissions (kt),EN.ATM.CO2E.KT,1980,
Albania,ALB,CO2 emissions (kt),EN.ATM.CO2E.KT,1981,
Albania,ALB,CO2 emissions (kt),EN.ATM.CO2E.KT,1982,
Albania,ALB,CO2 emissions (kt),EN.ATM.CO2E.KT,1983,
Albania,ALB,CO2 emissions (kt),EN.ATM.CO2E.KT,1984,
Albania,ALB,CO2 emissions (kt),EN.ATM.CO2E.KT,1985,
Albania,ALB,CO2 emissions (kt),EN.ATM.CO2E.KT,1986,
Albania,ALB,CO2 emissions (kt),EN.ATM.CO2E.KT,1987,
Albania,ALB,CO2 emissions (kt),EN.ATM.CO2E.KT,1988,
Albania,ALB,CO2 emissions (kt),EN.ATM.CO2E.KT,1989,
Albania,ALB,CO2 emissions (kt),EN.ATM.CO2E.KT,1990,5980
Albania,ALB,CO2 emissions (kt),EN.ATM.CO2E.KT,1991,4060
Albania,ALB,CO2 emissions (kt),EN.ATM.CO2E.KT,1992,2220
Albania,ALB,CO2 emissions (kt),EN.ATM.CO2E.KT,1993,2060
Albania,ALB,CO2 emissions (kt),EN.ATM.CO2E.KT,1994,2070
Albania,ALB,CO2 emissions (kt),EN.ATM.CO2E.KT,1995,1930
Albania,ALB,CO2 emissions (kt),EN.ATM.CO2E.KT,1996,1940
Albania,ALB,CO2 emissions (kt),EN.ATM.CO2E.KT,1997,1470
Albania,ALB,CO2 emissions (kt),EN.ATM.CO2E.KT,1998,1790
Albania,ALB,CO2 emissions (kt),EN.ATM.CO2E.KT,1999,2970
Albania,ALB,CO2 emissions (kt),EN.ATM.CO2E.KT,2000,3170
Albania,ALB,CO2 emissions (kt),EN.ATM.CO2E.KT,2001,3230
Albania,ALB,CO2 emissions (kt),EN.ATM.CO2E.KT,2002,3759.99999046326
Albania,ALB,CO2 emissions (kt),EN.ATM.CO2E.KT,2003,4070.00017166138
Albania,ALB,CO2 emissions (kt),EN.ATM.CO2E.KT,2004,4250
Albania,ALB,CO2 emissions (kt),EN.ATM.CO2E.KT,2005,4030.00020980835
Albania,ALB,CO2 emissions (kt),EN.ATM.CO2E.KT,2006,4010.00022888184
Albania,ALB,CO2 emissions (kt),EN.ATM.CO2E.KT,2007,4139.9998664856
Albania,ALB,CO2 emissions (kt),EN.ATM.CO2E.KT,2008,4079.99992370605
Albania,ALB,CO2 emissions (kt),EN.ATM.CO2E.KT,2009,4219.99979019165
Albania,ALB,CO2 emissions (kt),EN.ATM.CO2E.KT,2010,4449.99980926514
Albania,ALB,CO2 emissions (kt),EN.ATM.CO2E.KT,2011,4849.99990463257
Albania,ALB,CO2 emissions (kt),EN.ATM.CO2E.KT,2012,4360.0001335144
Albania,ALB,CO2 emissions (kt),EN.ATM.CO2E.KT,2013,4440.00005722046
Albania,ALB,CO2 emissions (kt),EN.ATM.CO2E.KT,2014,4820.00017166138
Albania,ALB,CO2 emissions (kt),EN.ATM.CO2E.KT,2015,4619.99988555908
Albania,ALB,CO2 emissions (kt),EN.ATM.CO2E.KT,2016,4480.00001907349
Albania,ALB,CO2 emissions (kt),EN.ATM.CO2E.KT,2017,5139.9998664856
Albania,ALB,CO2 emissions (kt),EN.ATM.CO2E.KT,2018,5110.0001335144
Albania,ALB,CO2 emissions (kt),EN.ATM.CO2E.KT,2019,4829.99992370605
Albania,ALB,CO2 emissions (kt),EN.ATM.CO2E.KT,2020,
Albania,ALB,CO2 emissions (kt),EN.ATM.CO2E.KT,2021,
Andorra,AND,CO2 emissions (kt),EN.ATM.CO2E.KT,1960,
Andorra,AND,CO2 emissions (kt),EN.ATM.CO2E.KT,1961,
Andorra,AND,CO2 emissions (kt),EN.ATM.CO2E.KT,1962,
Andorra,AND,CO2 emissions (kt),EN.ATM.CO2E.KT,1963,
Andorra,AND,CO2 emissions (kt),EN.ATM.CO2E.KT,1964,
Andorra,AND,CO2 emissions (kt),EN.ATM.CO2E.KT,1965,
Andorra,AND,CO2 emissions (kt),EN.ATM.CO2E.KT,1966,
Andorra,AND,CO2 emissions (kt),EN.ATM.CO2E.KT,1967,
Andorra,AND,CO2 emissions (kt),EN.ATM.CO2E.KT,1968,
Andorra,AND,CO2 emissions (kt),EN.ATM.CO2E.KT,1969,
Andorra,AND,CO2 emissions (kt),EN.ATM.CO2E.KT,1970,
Andorra,AND,CO2 emissions (kt),EN.ATM.CO2E.KT,1971,
Andorra,AND,CO2 emissions (kt),EN.ATM.CO2E.KT,1972,
Andorra,AND,CO2 emissions (kt),EN.ATM.CO2E.KT,1973,
Andorra,AND,CO2 emissions (kt),EN.ATM.CO2E.KT,1974,
Andorra,AND,CO2 emissions (kt),EN.ATM.CO2E.KT,1975,
Andorra,AND,CO2 emissions (kt),EN.ATM.CO2E.KT,1976,
Andorra,AND,CO2 emissions (kt),EN.ATM.CO2E.KT,1977,
Andorra,AND,CO2 emissions (kt),EN.ATM.CO2E.KT,1978,
Andorra,AND,CO2 emissions (kt),EN.ATM.CO2E.KT,1979,
Andorra,AND,CO2 emissions (kt),EN.ATM.CO2E.KT,1980,
Andorra,AND,CO2 emissions (kt),EN.ATM.CO2E.KT,1981,
Andorra,AND,CO2 emissions (kt),EN.ATM.CO2E.KT,1982,
Andorra,AND,CO2 emissions (kt),EN.ATM.CO2E.KT,1983,
Andorra,AND,CO2 emissions (kt),EN.ATM.CO2E.KT,1984,
Andorra,AND,CO2 emissions (kt),EN.ATM.CO2E.KT,1985,
Andorra,AND,CO2 emissions (kt),EN.ATM.CO2E.KT,1986,
Andorra,AND,CO2 emissions (kt),EN.ATM.CO2E.KT,1987,
Andorra,AND,CO2 emissions (kt),EN.ATM.CO2E.KT,1988,
Andorra,AND,CO2 emissions (kt),EN.ATM.CO2E.KT,1989,
Andorra,AND,CO2 emissions (kt),EN.ATM.CO2E.KT,1990,410
Andorra,AND,CO2 emissions (kt),EN.ATM.CO2E.KT,1991,410
Andorra,AND,CO2 emissions (kt),EN.ATM.CO2E.KT,1992,410
Andorra,AND,CO2 emissions (kt),EN.ATM.CO2E.KT,1993,410
Andorra,AND,CO2 emissions (kt),EN.ATM.CO2E.KT,1994,410
Andorra,AND,CO2 emissions (kt),EN.ATM.CO2E.KT,1995,430
Andorra,AND,CO2 emissions (kt),EN.ATM.CO2E.KT,1996,450
Andorra,AND,CO2 emissions (kt),EN.ATM.CO2E.KT,1997,470
Andorra,AND,CO2 emissions (kt),EN.ATM.CO2E.KT,1998,490
Andorra,AND,CO2 emissions (kt),EN.ATM.CO2E.KT,1999,510
Andorra,AND,CO2 emissions (kt),EN.ATM.CO2E.KT,2000,520
Andorra,AND,CO2 emissions (kt),EN.ATM.CO2E.KT,2001,520
Andorra,AND,CO2 emissions (kt),EN.ATM.CO2E.KT,2002,529.999971389771
Andorra,AND,CO2 emissions (kt),EN.ATM.CO2E.KT,2003,529.999971389771
Andorra,AND,CO2 emissions (kt),EN.ATM.CO2E.KT,2004,560.000002384186
Andorra,AND,CO2 emissions (kt),EN.ATM.CO2E.KT,2005,579.999983310699
Andorra,AND,CO2 emissions (kt),EN.ATM.CO2E.KT,2006,550.000011920929
Andorra,AND,CO2 emissions (kt),EN.ATM.CO2E.KT,2007,540.000021457672
Andorra,AND,CO2 emissions (kt),EN.ATM.CO2E.KT,2008,540.000021457672
Andorra,AND,CO2 emissions (kt),EN.ATM.CO2E.KT,2009,519.999980926514
Andorra,AND,CO2 emissions (kt),EN.ATM.CO2E.KT,2010,519.999980926514
Andorra,AND,CO2 emissions (kt),EN.ATM.CO2E.KT,2011,490.000009536743
Andorra,AND,CO2 emissions (kt),EN.ATM.CO2E.KT,2012,490.000009536743
Andorra,AND,CO2 emissions (kt),EN.ATM.CO2E.KT,2013,479.999989271164
Andorra,AND,CO2 emissions (kt),EN.ATM.CO2E.KT,2014,460.00000834465
Andorra,AND,CO2 emissions (kt),EN.ATM.CO2E.KT,2015,469.999998807907
Andorra,AND,CO2 emissions (kt),EN.ATM.CO2E.KT,2016,469.999998807907
Andorra,AND,CO2 emissions (kt),EN.ATM.CO2E.KT,2017,469.999998807907
Andorra,AND,CO2 emissions (kt),EN.ATM.CO2E.KT,2018,490.000009536743
Andorra,AND,CO2 emissions (kt),EN.ATM.CO2E.KT,2019,500
Andorra,AND,CO2 emissions (kt),EN.ATM.CO2E.KT,2020,
Andorra,AND,CO2 emissions (kt),EN.ATM.CO2E.KT,2021,
Arab World,ARB,CO2 emissions (kt),EN.ATM.CO2E.KT,1960,
Arab World,ARB,CO2 emissions (kt),EN.ATM.CO2E.KT,1961,
Arab World,ARB,CO2 emissions (kt),EN.ATM.CO2E.KT,1962,
Arab World,ARB,CO2 emissions (kt),EN.ATM.CO2E.KT,1963,
Arab World,ARB,CO2 emissions (kt),EN.ATM.CO2E.KT,1964,
Arab World,ARB,CO2 emissions (kt),EN.ATM.CO2E.KT,1965,
Arab World,ARB,CO2 emissions (kt),EN.ATM.CO2E.KT,1966,
Arab World,ARB,CO2 emissions (kt),EN.ATM.CO2E.KT,1967,
Arab World,ARB,CO2 emissions (kt),EN.ATM.CO2E.KT,1968,
Arab World,ARB,CO2 emissions (kt),EN.ATM.CO2E.KT,1969,
Arab World,ARB,CO2 emissions (kt),EN.ATM.CO2E.KT,1970,
Arab World,ARB,CO2 emissions (kt),EN.ATM.CO2E.KT,1971,
Arab World,ARB,CO2 emissions (kt),EN.ATM.CO2E.KT,1972,
Arab World,ARB,CO2 emissions (kt),EN.ATM.CO2E.KT,1973,
Arab World,ARB,CO2 emissions (kt),EN.ATM.CO2E.KT,1974,
Arab World,ARB,CO2 emissions (kt),EN.ATM.CO2E.KT,1975,
Arab World,ARB,CO2 emissions (kt),EN.ATM.CO2E.KT,1976,
Arab World,ARB,CO2 emissions (kt),EN.ATM.CO2E.KT,1977,
Arab World,ARB,CO2 emissions (kt),EN.ATM.CO2E.KT,1978,
Arab World,ARB,CO2 emissions (kt),EN.ATM.CO2E.KT,1979,
Arab World,ARB,CO2 emissions (kt),EN.ATM.CO2E.KT,1980,
Arab World,ARB,CO2 emissions (kt),EN.ATM.CO2E.KT,1981,
Arab World,ARB,CO2 emissions (kt),EN.ATM.CO2E.KT,1982,
Arab World,ARB,CO2 emissions (kt),EN.ATM.CO2E.KT,1983,
Arab World,ARB,CO2 emissions (kt),EN.ATM.CO2E.KT,1984,
Arab World,ARB,CO2 emissions (kt),EN.ATM.CO2E.KT,1985,
Arab World,ARB,CO2 emissions (kt),EN.ATM.CO2E.KT,1986,
Arab World,ARB,CO2 emissions (kt),EN.ATM.CO2E.KT,1987,
Arab World,ARB,CO2 emissions (kt),EN.ATM.CO2E.KT,1988,
Arab World,ARB,CO2 emissions (kt),EN.ATM.CO2E.KT,1989,
Arab World,ARB,CO2 emissions (kt),EN.ATM.CO2E.KT,1990,636128.993154742
Arab World,ARB,CO2 emissions (kt),EN.ATM.CO2E.KT,1991,638311.616152838
Arab World,ARB,CO2 emissions (kt),EN.ATM.CO2E.KT,1992,692897.307446233
Arab World,ARB,CO2 emissions (kt),EN.ATM.CO2E.KT,1993,746034.622187896
Arab World,ARB,CO2 emissions (kt),EN.ATM.CO2E.KT,1994,790632.55017664
Arab World,ARB,CO2 emissions (kt),EN.ATM.CO2E.KT,1995,814792.275713168
Arab World,ARB,CO2 emissions (kt),EN.ATM.CO2E.KT,1996,843629.05053133
Arab World,ARB,CO2 emissions (kt),EN.ATM.CO2E.KT,1997,884777.026039213
Arab World,ARB,CO2 emissions (kt),EN.ATM.CO2E.KT,1998,889715.587753798
Arab World,ARB,CO2 emissions (kt),EN.ATM.CO2E.KT,1999,901624.461623594
Arab World,ARB,CO2 emissions (kt),EN.ATM.CO2E.KT,2000,939191.72843414
Arab World,ARB,CO2 emissions (kt),EN.ATM.CO2E.KT,2001,991061.713693038
Arab World,ARB,CO2 emissions (kt),EN.ATM.CO2E.KT,2002,1024786.76941455
Arab World,ARB,CO2 emissions (kt),EN.ATM.CO2E.KT,2003,1055755.85910393
Arab World,ARB,CO2 emissions (kt),EN.ATM.CO2E.KT,2004,1112584.54413579
Arab World,ARB,CO2 emissions (kt),EN.ATM.CO2E.KT,2005,1188503.62074033
Arab World,ARB,CO2 emissions (kt),EN.ATM.CO2E.KT,2006,1251799.6594702
Arab World,ARB,CO2 emissions (kt),EN.ATM.CO2E.KT,2007,1303116.4412858
Arab World,ARB,CO2 emissions (kt),EN.ATM.CO2E.KT,2008,1408053.35044281
Arab World,ARB,CO2 emissions (kt),EN.ATM.CO2E.KT,2009,1455346.86825575
Arab World,ARB,CO2 emissions (kt),EN.ATM.CO2E.KT,2010,1541776.72627432
Arab World,ARB,CO2 emissions (kt),EN.ATM.CO2E.KT,2011,1574878.16518525
Arab World,ARB,CO2 emissions (kt),EN.ATM.CO2E.KT,2012,1683788.02430924
Arab World,ARB,CO2 emissions (kt),EN.ATM.CO2E.KT,2013,1713791.5569902
Arab World,ARB,CO2 emissions (kt),EN.ATM.CO2E.KT,2014,1771947.90817064
Arab World,ARB,CO2 emissions (kt),EN.ATM.CO2E.KT,2015,1818104.84341464
Arab World,ARB,CO2 emissions (kt),EN.ATM.CO2E.KT,2016,1838603.3674573
Arab World,ARB,CO2 emissions (kt),EN.ATM.CO2E.KT,2017,1858498.45151531
Arab World,ARB,CO2 emissions (kt),EN.ATM.CO2E.KT,2018,1836883.43594103
Arab World,ARB,CO2 emissions (kt),EN.ATM.CO2E.KT,2019,1886218.79695823
Arab World,ARB,CO2 emissions (kt),EN.ATM.CO2E.KT,2020,
Arab World,ARB,CO2 emissions (kt),EN.ATM.CO2E.KT,2021,
United Arab Emirates,ARE,CO2 emissions (kt),EN.ATM.CO2E.KT,1960,
United Arab Emirates,ARE,CO2 emissions (kt),EN.ATM.CO2E.KT,1961,
United Arab Emirates,ARE,CO2 emissions (kt),EN.ATM.CO2E.KT,1962,
United Arab Emirates,ARE,CO2 emissions (kt),EN.ATM.CO2E.KT,1963,
United Arab Emirates,ARE,CO2 emissions (kt),EN.ATM.CO2E.KT,1964,
United Arab Emirates,ARE,CO2 emissions (kt),EN.ATM.CO2E.KT,1965,
United Arab Emirates,ARE,CO2 emissions (kt),EN.ATM.CO2E.KT,1966,
United Arab Emirates,ARE,CO2 emissions (kt),EN.ATM.CO2E.KT,1967,
United Arab Emirates,ARE,CO2 emissions (kt),EN.ATM.CO2E.KT,1968,
United Arab Emirates,ARE,CO2 emissions (kt),EN.ATM.CO2E.KT,1969,
United Arab Emirates,ARE,CO2 emissions (kt),EN.ATM.CO2E.KT,1970,
United Arab Emirates,ARE,CO2 emissions (kt),EN.ATM.CO2E.KT,1971,
United Arab Emirates,ARE,CO2 emissions (kt),EN.ATM.CO2E.KT,1972,
United Arab Emirates,ARE,CO2 emissions (kt),EN.ATM.CO2E.KT,1973,
United Arab Emirates,ARE,CO2 emissions (kt),EN.ATM.CO2E.KT,1974,
United Arab Emirates,ARE,CO2 emissions (kt),EN.ATM.CO2E.KT,1975,
United Arab Emirates,ARE,CO2 emissions (kt),EN.ATM.CO2E.KT,1976,
United Arab Emirates,ARE,CO2 emissions (kt),EN.ATM.CO2E.KT,1977,
United Arab Emirates,ARE,CO2 emissions (kt),EN.ATM.CO2E.KT,1978,
United Arab Emirates,ARE,CO2 emissions (kt),EN.ATM.CO2E.KT,1979,
United Arab Emirates,ARE,CO2 emissions (kt),EN.ATM.CO2E.KT,1980,
United Arab Emirates,ARE,CO2 emissions (kt),EN.ATM.CO2E.KT,1981,
United Arab Emirates,ARE,CO2 emissions (kt),EN.ATM.CO2E.KT,1982,
United Arab Emirates,ARE,CO2 emissions (kt),EN.ATM.CO2E.KT,1983,
United Arab Emirates,ARE,CO2 emissions (kt),EN.ATM.CO2E.KT,1984,
United Arab Emirates,ARE,CO2 emissions (kt),EN.ATM.CO2E.KT,1985,
United Arab Emirates,ARE,CO2 emissions (kt),EN.ATM.CO2E.KT,1986,
United Arab Emirates,ARE,CO2 emissions (kt),EN.ATM.CO2E.KT,1987,
United Arab Emirates,ARE,CO2 emissions (kt),EN.ATM.CO2E.KT,1988,
United Arab Emirates,ARE,CO2 emissions (kt),EN.ATM.CO2E.KT,1989,
United Arab Emirates,ARE,CO2 emissions (kt),EN.ATM.CO2E.KT,1990,55210
United Arab Emirates,ARE,CO2 emissions (kt),EN.ATM.CO2E.KT,1991,61560
United Arab Emirates,ARE,CO2 emissions (kt),EN.ATM.CO2E.KT,1992,59700
United Arab Emirates,ARE,CO2 emissions (kt),EN.ATM.CO2E.KT,1993,63620
United Arab Emirates,ARE,CO2 emissions (kt),EN.ATM.CO2E.KT,1994,70780
United Arab Emirates,ARE,CO2 emissions (kt),EN.ATM.CO2E.KT,1995,75170
United Arab Emirates,ARE,CO2 emissions (kt),EN.ATM.CO2E.KT,1996,78530
United Arab Emirates,ARE,CO2 emissions (kt),EN.ATM.CO2E.KT,1997,81440
United Arab Emirates,ARE,CO2 emissions (kt),EN.ATM.CO2E.KT,1998,83450
United Arab Emirates,ARE,CO2 emissions (kt),EN.ATM.CO2E.KT,1999,85680
United Arab Emirates,ARE,CO2 emissions (kt),EN.ATM.CO2E.KT,2000,84730
United Arab Emirates,ARE,CO2 emissions (kt),EN.ATM.CO2E.KT,2001,97200
United Arab Emirates,ARE,CO2 emissions (kt),EN.ATM.CO2E.KT,2002,99150.0015258789
United Arab Emirates,ARE,CO2 emissions (kt),EN.ATM.CO2E.KT,2003,103819.999694824
United Arab Emirates,ARE,CO2 emissions (kt),EN.ATM.CO2E.KT,2004,110010.00213623
United Arab Emirates,ARE,CO2 emissions (kt),EN.ATM.CO2E.KT,2005,116459.999084473
United Arab Emirates,ARE,CO2 emissions (kt),EN.ATM.CO2E.KT,2006,121559.997558594
United Arab Emirates,ARE,CO2 emissions (kt),EN.ATM.CO2E.KT,2007,131830.001831055
United Arab Emirates,ARE,CO2 emissions (kt),EN.ATM.CO2E.KT,2008,156050.003051758
United Arab Emirates,ARE,CO2 emissions (kt),EN.ATM.CO2E.KT,2009,157020.004272461
United Arab Emirates,ARE,CO2 emissions (kt),EN.ATM.CO2E.KT,2010,162789.993286133
United Arab Emirates,ARE,CO2 emissions (kt),EN.ATM.CO2E.KT,2011,165600.006103516
United Arab Emirates,ARE,CO2 emissions (kt),EN.ATM.CO2E.KT,2012,175589.996337891
United Arab Emirates,ARE,CO2 emissions (kt),EN.ATM.CO2E.KT,2013,184470.001220703
United Arab Emirates,ARE,CO2 emissions (kt),EN.ATM.CO2E.KT,2014,184759.994506836
United Arab Emirates,ARE,CO2 emissions (kt),EN.ATM.CO2E.KT,2015,195240.005493164
United Arab Emirates,ARE,CO2 emissions (kt),EN.ATM.CO2E.KT,2016,201080.001831055
United Arab Emirates,ARE,CO2 emissions (kt),EN.ATM.CO2E.KT,2017,197039.993286133
United Arab Emirates,ARE,CO2 emissions (kt),EN.ATM.CO2E.KT,2018,177119.995117188
United Arab Emirates,ARE,CO2 emissions (kt),EN.ATM.CO2E.KT,2019,188860.000610352
United Arab Emirates,ARE,CO2 emissions (kt),EN.ATM.CO2E.KT,2020,
United Arab Emirates,ARE,CO2 emissions (kt),EN.ATM.CO2E.KT,2021,
Argentina,ARG,CO2 emissions (kt),EN.ATM.CO2E.KT,1960,
Argentina,ARG,CO2 emissions (kt),EN.ATM.CO2E.KT,1961,
Argentina,ARG,CO2 emissions (kt),EN.ATM.CO2E.KT,1962,
Argentina,ARG,CO2 emissions (kt),EN.ATM.CO2E.KT,1963,
Argentina,ARG,CO2 emissions (kt),EN.ATM.CO2E.KT,1964,
Argentina,ARG,CO2 emissions (kt),EN.ATM.CO2E.KT,1965,
Argentina,ARG,CO2 emissions (kt),EN.ATM.CO2E.KT,1966,
Argentina,ARG,CO2 emissions (kt),EN.ATM.CO2E.KT,1967,
Argentina,ARG,CO2 emissions (kt),EN.ATM.CO2E.KT,1968,
Argentina,ARG,CO2 emissions (kt),EN.ATM.CO2E.KT,1969,
Argentina,ARG,CO2 emissions (kt),EN.ATM.CO2E.KT,1970,
Argentina,ARG,CO2 emissions (kt),EN.ATM.CO2E.KT,1971,
Argentina,ARG,CO2 emissions (kt),EN.ATM.CO2E.KT,1972,
Argentina,ARG,CO2 emissions (kt),EN.ATM.CO2E.KT,1973,
Argentina,ARG,CO2 emissions (kt),EN.ATM.CO2E.KT,1974,
Argentina,ARG,CO2 emissions (kt),EN.ATM.CO2E.KT,1975,
Argentina,ARG,CO2 emissions (kt),EN.ATM.CO2E.KT,1976,
Argentina,ARG,CO2 emissions (kt),EN.ATM.CO2E.KT,1977,
Argentina,ARG,CO2 emissions (kt),EN.ATM.CO2E.KT,1978,
Argentina,ARG,CO2 emissions (kt),EN.ATM.CO2E.KT,1979,
Argentina,ARG,CO2 emissions (kt),EN.ATM.CO2E.KT,1980,
Argentina,ARG,CO2 emissions (kt),EN.ATM.CO2E.KT,1981,
Argentina,ARG,CO2 emissions (kt),EN.ATM.CO2E.KT,1982,
Argentina,ARG,CO2 emissions (kt),EN.ATM.CO2E.KT,1983,
Argentina,ARG,CO2 emissions (kt),EN.ATM.CO2E.KT,1984,
Argentina,ARG,CO2 emissions (kt),EN.ATM.CO2E.KT,1985,
Argentina,ARG,CO2 emissions (kt),EN.ATM.CO2E.KT,1986,
Argentina,ARG,CO2 emissions (kt),EN.ATM.CO2E.KT,1987,
Argentina,ARG,CO2 emissions (kt),EN.ATM.CO2E.KT,1988,
Argentina,ARG,CO2 emissions (kt),EN.ATM.CO2E.KT,1989,
Argentina,ARG,CO2 emissions (kt),EN.ATM.CO2E.KT,1990,100320
Argentina,ARG,CO2 emissions (kt),EN.ATM.CO2E.KT,1991,105920
Argentina,ARG,CO2 emissions (kt),EN.ATM.CO2E.KT,1992,107930
Argentina,ARG,CO2 emissions (kt),EN.ATM.CO2E.KT,1993,110260
Argentina,ARG,CO2 emissions (kt),EN.ATM.CO2E.KT,1994,111910
Argentina,ARG,CO2 emissions (kt),EN.ATM.CO2E.KT,1995,112890
Argentina,ARG,CO2 emissions (kt),EN.ATM.CO2E.KT,1996,122550
Argentina,ARG,CO2 emissions (kt),EN.ATM.CO2E.KT,1997,126120
Argentina,ARG,CO2 emissions (kt),EN.ATM.CO2E.KT,1998,132670
Argentina,ARG,CO2 emissions (kt),EN.ATM.CO2E.KT,1999,134510
Argentina,ARG,CO2 emissions (kt),EN.ATM.CO2E.KT,2000,132270
Argentina,ARG,CO2 emissions (kt),EN.ATM.CO2E.KT,2001,125260
Argentina,ARG,CO2 emissions (kt),EN.ATM.CO2E.KT,2002,117470.001220703
Argentina,ARG,CO2 emissions (kt),EN.ATM.CO2E.KT,2003,127660.003662109
Argentina,ARG,CO2 emissions (kt),EN.ATM.CO2E.KT,2004,141380.004882813
Argentina,ARG,CO2 emissions (kt),EN.ATM.CO2E.KT,2005,145990.005493164
Argentina,ARG,CO2 emissions (kt),EN.ATM.CO2E.KT,2006,154899.993896484
Argentina,ARG,CO2 emissions (kt),EN.ATM.CO2E.KT,2007,162809.997558594
Argentina,ARG,CO2 emissions (kt),EN.ATM.CO2E.KT,2008,167229.995727539
Argentina,ARG,CO2 emissions (kt),EN.ATM.CO2E.KT,2009,156570.007324219
Argentina,ARG,CO2 emissions (kt),EN.ATM.CO2E.KT,2010,167220.001220703
Argentina,ARG,CO2 emissions (kt),EN.ATM.CO2E.KT,2011,176639.999389648
Argentina,ARG,CO2 emissions (kt),EN.ATM.CO2E.KT,2012,177960.006713867
Argentina,ARG,CO2 emissions (kt),EN.ATM.CO2E.KT,2013,183250
Argentina,ARG,CO2 emissions (kt),EN.ATM.CO2E.KT,2014,179600.006103516
Argentina,ARG,CO2 emissions (kt),EN.ATM.CO2E.KT,2015,185550.003051758
Argentina,ARG,CO2 emissions (kt),EN.ATM.CO2E.KT,2016,183160.003662109
Argentina,ARG,CO2 emissions (kt),EN.ATM.CO2E.KT,2017,179320.007324219
Argentina,ARG,CO2 emissions (kt),EN.ATM.CO2E.KT,2018,176899.993896484
Argentina,ARG,CO2 emissions (kt),EN.ATM.CO2E.KT,2019,168100.006103516
Argentina,ARG,CO2 emissions (kt),EN.ATM.CO2E.KT,2020,
Argentina,ARG,CO2 emissions (kt),EN.ATM.CO2E.KT,2021,
Armenia,ARM,CO2 emissions (kt),EN.ATM.CO2E.KT,1960,
Armenia,ARM,CO2 emissions (kt),EN.ATM.CO2E.KT,1961,
Armenia,ARM,CO2 emissions (kt),EN.ATM.CO2E.KT,1962,
Armenia,ARM,CO2 emissions (kt),EN.ATM.CO2E.KT,1963,
Armenia,ARM,CO2 emissions (kt),EN.ATM.CO2E.KT,1964,
Armenia,ARM,CO2 emissions (kt),EN.ATM.CO2E.KT,1965,
Armenia,ARM,CO2 emissions (kt),EN.ATM.CO2E.KT,1966,
Armenia,ARM,CO2 emissions (kt),EN.ATM.CO2E.KT,1967,
Armenia,ARM,CO2 emissions (kt),EN.ATM.CO2E.KT,1968,
Armenia,ARM,CO2 emissions (kt),EN.ATM.CO2E.KT,1969,
Armenia,ARM,CO2 emissions (kt),EN.ATM.CO2E.KT,1970,
Armenia,ARM,CO2 emissions (kt),EN.ATM.CO2E.KT,1971,
Armenia,ARM,CO2 emissions (kt),EN.ATM.CO2E.KT,1972,
Armenia,ARM,CO2 emissions (kt),EN.ATM.CO2E.KT,1973,
Armenia,ARM,CO2 emissions (kt),EN.ATM.CO2E.KT,1974,
Armenia,ARM,CO2 emissions (kt),EN.ATM.CO2E.KT,1975,
Armenia,ARM,CO2 emissions (kt),EN.ATM.CO2E.KT,1976,
Armenia,ARM,CO2 emissions (kt),EN.ATM.CO2E.KT,1977,
Armenia,ARM,CO2 emissions (kt),EN.ATM.CO2E.KT,1978,
Armenia,ARM,CO2 emissions (kt),EN.ATM.CO2E.KT,1979,
Armenia,ARM,CO2 emissions (kt),EN.ATM.CO2E.KT,1980,
Armenia,ARM,CO2 emissions (kt),EN.ATM.CO2E.KT,1981,
Armenia,ARM,CO2 emissions (kt),EN.ATM.CO2E.KT,1982,
Armenia,ARM,CO2 emissions (kt),EN.ATM.CO2E.KT,1983,
Armenia,ARM,CO2 emissions (kt),EN.ATM.CO2E.KT,1984,
Armenia,ARM,CO2 emissions (kt),EN.ATM.CO2E.KT,1985,
Armenia,ARM,CO2 emissions (kt),EN.ATM.CO2E.KT,1986,
Armenia,ARM,CO2 emissions (kt),EN.ATM.CO2E.KT,1987,
Armenia,ARM,CO2 emissions (kt),EN.ATM.CO2E.KT,1988,
Armenia,ARM,CO2 emissions (kt),EN.ATM.CO2E.KT,1989,
Armenia,ARM,CO2 emissions (kt),EN.ATM.CO2E.KT,1990,19850
Armenia,ARM,CO2 emissions (kt),EN.ATM.CO2E.KT,1991,20690
Armenia,ARM,CO2 emissions (kt),EN.ATM.CO2E.KT,1992,10900
Armenia,ARM,CO2 emissions (kt),EN.ATM.CO2E.KT,1993,5040
Armenia,ARM,CO2 emissions (kt),EN.ATM.CO2E.KT,1994,2740
Armenia,ARM,CO2 emissions (kt),EN.ATM.CO2E.KT,1995,3510
Armenia,ARM,CO2 emissions (kt),EN.ATM.CO2E.KT,1996,2580
Armenia,ARM,CO2 emissions (kt),EN.ATM.CO2E.KT,1997,3340
Armenia,ARM,CO2 emissions (kt),EN.ATM.CO2E.KT,1998,3470
Armenia,ARM,CO2 emissions (kt),EN.ATM.CO2E.KT,1999,3110
Armenia,ARM,CO2 emissions (kt),EN.ATM.CO2E.KT,2000,3560
Armenia,ARM,CO2 emissions (kt),EN.ATM.CO2E.KT,2001,3600
Armenia,ARM,CO2 emissions (kt),EN.ATM.CO2E.KT,2002,3119.99988555908
Armenia,ARM,CO2 emissions (kt),EN.ATM.CO2E.KT,2003,3500
Armenia,ARM,CO2 emissions (kt),EN.ATM.CO2E.KT,2004,3759.99999046326
Armenia,ARM,CO2 emissions (kt),EN.ATM.CO2E.KT,2005,4460.00003814697
Armenia,ARM,CO2 emissions (kt),EN.ATM.CO2E.KT,2006,4489.99977111816
Armenia,ARM,CO2 emissions (kt),EN.ATM.CO2E.KT,2007,5199.99980926514
Armenia,ARM,CO2 emissions (kt),EN.ATM.CO2E.KT,2008,5690.00005722046
Armenia,ARM,CO2 emissions (kt),EN.ATM.CO2E.KT,2009,4510.00022888184
Armenia,ARM,CO2 emissions (kt),EN.ATM.CO2E.KT,2010,4340.00015258789
Armenia,ARM,CO2 emissions (kt),EN.ATM.CO2E.KT,2011,4940.00005722046
Armenia,ARM,CO2 emissions (kt),EN.ATM.CO2E.KT,2012,5719.99979019165
Armenia,ARM,CO2 emissions (kt),EN.ATM.CO2E.KT,2013,5500
Armenia,ARM,CO2 emissions (kt),EN.ATM.CO2E.KT,2014,5480.00001907349
Armenia,ARM,CO2 emissions (kt),EN.ATM.CO2E.KT,2015,5340.00015258789
Armenia,ARM,CO2 emissions (kt),EN.ATM.CO2E.KT,2016,5070.00017166138
Armenia,ARM,CO2 emissions (kt),EN.ATM.CO2E.KT,2017,5369.99988555908
Armenia,ARM,CO2 emissions (kt),EN.ATM.CO2E.KT,2018,5710.00003814697
Armenia,ARM,CO2 emissions (kt),EN.ATM.CO2E.KT,2019,6170.00007629395
Armenia,ARM,CO2 emissions (kt),EN.ATM.CO2E.KT,2020,
Armenia,ARM,CO2 emissions (kt),EN.ATM.CO2E.KT,2021,
American Samoa,ASM,CO2 emissions (kt),EN.ATM.CO2E.KT,1960,
American Samoa,ASM,CO2 emissions (kt),EN.ATM.CO2E.KT,1961,
American Samoa,ASM,CO2 emissions (kt),EN.ATM.CO2E.KT,1962,
American Samoa,ASM,CO2 emissions (kt),EN.ATM.CO2E.KT,1963,
American Samoa,ASM,CO2 emissions (kt),EN.ATM.CO2E.KT,1964,
American Samoa,ASM,CO2 emissions (kt),EN.ATM.CO2E.KT,1965,
American Samoa,ASM,CO2 emissions (kt),EN.ATM.CO2E.KT,1966,
American Samoa,ASM,CO2 emissions (kt),EN.ATM.CO2E.KT,1967,
American Samoa,ASM,CO2 emissions (kt),EN.ATM.CO2E.KT,1968,
American Samoa,ASM,CO2 emissions (kt),EN.ATM.CO2E.KT,1969,
American Samoa,ASM,CO2 emissions (kt),EN.ATM.CO2E.KT,1970,
American Samoa,ASM,CO2 emissions (kt),EN.ATM.CO2E.KT,1971,
American Samoa,ASM,CO2 emissions (kt),EN.ATM.CO2E.KT,1972,
American Samoa,ASM,CO2 emissions (kt),EN.ATM.CO2E.KT,1973,
American Samoa,ASM,CO2 emissions (kt),EN.ATM.CO2E.KT,1974,
American Samoa,ASM,CO2 emissions (kt),EN.ATM.CO2E.KT,1975,
American Samoa,ASM,CO2 emissions (kt),EN.ATM.CO2E.KT,1976,
American Samoa,ASM,CO2 emissions (kt),EN.ATM.CO2E.KT,1977,
American Samoa,ASM,CO2 emissions (kt),EN.ATM.CO2E.KT,1978,
American Samoa,ASM,CO2 emissions (kt),EN.ATM.CO2E.KT,1979,
American Samoa,ASM,CO2 emissions (kt),EN.ATM.CO2E.KT,1980,
American Samoa,ASM,CO2 emissions (kt),EN.ATM.CO2E.KT,1981,
American Samoa,ASM,CO2 emissions (kt),EN.ATM.CO2E.KT,1982,
American Samoa,ASM,CO2 emissions (kt),EN.ATM.CO2E.KT,1983,
American Samoa,ASM,CO2 emissions (kt),EN.ATM.CO2E.KT,1984,
American Samoa,ASM,CO2 emissions (kt),EN.ATM.CO2E.KT,1985,
American Samoa,ASM,CO2 emissions (kt),EN.ATM.CO2E.KT,1986,
American Samoa,ASM,CO2 emissions (kt),EN.ATM.CO2E.KT,1987,
American Samoa,ASM,CO2 emissions (kt),EN.ATM.CO2E.KT,1988,
American Samoa,ASM,CO2 emissions (kt),EN.ATM.CO2E.KT,1989,
American Samoa,ASM,CO2 emissions (kt),EN.ATM.CO2E.KT,1990,
American Samoa,ASM,CO2 emissions (kt),EN.ATM.CO2E.KT,1991,
American Samoa,ASM,CO2 emissions (kt),EN.ATM.CO2E.KT,1992,
American Samoa,ASM,CO2 emissions (kt),EN.ATM.CO2E.KT,1993,
American Samoa,ASM,CO2 emissions (kt),EN.ATM.CO2E.KT,1994,
American Samoa,ASM,CO2 emissions (kt),EN.ATM.CO2E.KT,1995,
American Samoa,ASM,CO2 emissions (kt),EN.ATM.CO2E.KT,1996,
American Samoa,ASM,CO2 emissions (kt),EN.ATM.CO2E.KT,1997,
American Samoa,ASM,CO2 emissions (kt),EN.ATM.CO2E.KT,1998,
American Samoa,ASM,CO2 emissions (kt),EN.ATM.CO2E.KT,1999,
American Samoa,ASM,CO2 emissions (kt),EN.ATM.CO2E.KT,2000,
American Samoa,ASM,CO2 emissions (kt),EN.ATM.CO2E.KT,2001,
American Samoa,ASM,CO2 emissions (kt),EN.ATM.CO2E.KT,2002,
American Samoa,ASM,CO2 emissions (kt),EN.ATM.CO2E.KT,2003,
American Samoa,ASM,CO2 emissions (kt),EN.ATM.CO2E.KT,2004,
American Samoa,ASM,CO2 emissions (kt),EN.ATM.CO2E.KT,2005,
American Samoa,ASM,CO2 emissions (kt),EN.ATM.CO2E.KT,2006,
American Samoa,ASM,CO2 emissions (kt),EN.ATM.CO2E.KT,2007,
American Samoa,ASM,CO2 emissions (kt),EN.ATM.CO2E.KT,2008,
American Samoa,ASM,CO2 emissions (kt),EN.ATM.CO2E.KT,2009,
American Samoa,ASM,CO2 emissions (kt),EN.ATM.CO2E.KT,2010,
American Samoa,ASM,CO2 emissions (kt),EN.ATM.CO2E.KT,2011,
American Samoa,ASM,CO2 emissions (kt),EN.ATM.CO2E.KT,2012,
American Samoa,ASM,CO2 emissions (kt),EN.ATM.CO2E.KT,2013,
American Samoa,ASM,CO2 emissions (kt),EN.ATM.CO2E.KT,2014,
American Samoa,ASM,CO2 emissions (kt),EN.ATM.CO2E.KT,2015,
American Samoa,ASM,CO2 emissions (kt),EN.ATM.CO2E.KT,2016,
American Samoa,ASM,CO2 emissions (kt),EN.ATM.CO2E.KT,2017,
American Samoa,ASM,CO2 emissions (kt),EN.ATM.CO2E.KT,2018,
American Samoa,ASM,CO2 emissions (kt),EN.ATM.CO2E.KT,2019,
American Samoa,ASM,CO2 emissions (kt),EN.ATM.CO2E.KT,2020,
American Samoa,ASM,CO2 emissions (kt),EN.ATM.CO2E.KT,2021,
Antigua and Barbuda,ATG,CO2 emissions (kt),EN.ATM.CO2E.KT,1960,
Antigua and Barbuda,ATG,CO2 emissions (kt),EN.ATM.CO2E.KT,1961,
Antigua and Barbuda,ATG,CO2 emissions (kt),EN.ATM.CO2E.KT,1962,
Antigua and Barbuda,ATG,CO2 emissions (kt),EN.ATM.CO2E.KT,1963,
Antigua and Barbuda,ATG,CO2 emissions (kt),EN.ATM.CO2E.KT,1964,
Antigua and Barbuda,ATG,CO2 emissions (kt),EN.ATM.CO2E.KT,1965,
Antigua and Barbuda,ATG,CO2 emissions (kt),EN.ATM.CO2E.KT,1966,
Antigua and Barbuda,ATG,CO2 emissions (kt),EN.ATM.CO2E.KT,1967,
Antigua and Barbuda,ATG,CO2 emissions (kt),EN.ATM.CO2E.KT,1968,
Antigua and Barbuda,ATG,CO2 emissions (kt),EN.ATM.CO2E.KT,1969,
Antigua and Barbuda,ATG,CO2 emissions (kt),EN.ATM.CO2E.KT,1970,
Antigua and Barbuda,ATG,CO2 emissions (kt),EN.ATM.CO2E.KT,1971,
Antigua and Barbuda,ATG,CO2 emissions (kt),EN.ATM.CO2E.KT,1972,
Antigua and Barbuda,ATG,CO2 emissions (kt),EN.ATM.CO2E.KT,1973,
Antigua and Barbuda,ATG,CO2 emissions (kt),EN.ATM.CO2E.KT,1974,
Antigua and Barbuda,ATG,CO2 emissions (kt),EN.ATM.CO2E.KT,1975,
Antigua and Barbuda,ATG,CO2 emissions (kt),EN.ATM.CO2E.KT,1976,
Antigua and Barbuda,ATG,CO2 emissions (kt),EN.ATM.CO2E.KT,1977,
Antigua and Barbuda,ATG,CO2 emissions (kt),EN.ATM.CO2E.KT,1978,
Antigua and Barbuda,ATG,CO2 emissions (kt),EN.ATM.CO2E.KT,1979,
Antigua and Barbuda,ATG,CO2 emissions (kt),EN.ATM.CO2E.KT,1980,
Antigua and Barbuda,ATG,CO2 emissions (kt),EN.ATM.CO2E.KT,1981,
Antigua and Barbuda,ATG,CO2 emissions (kt),EN.ATM.CO2E.KT,1982,
Antigua and Barbuda,ATG,CO2 emissions (kt),EN.ATM.CO2E.KT,1983,
Antigua and Barbuda,ATG,CO2 emissions (kt),EN.ATM.CO2E.KT,1984,
Antigua and Barbuda,ATG,CO2 emissions (kt),EN.ATM.CO2E.KT,1985,
Antigua and Barbuda,ATG,CO2 emissions (kt),EN.ATM.CO2E.KT,1986,
Antigua and Barbuda,ATG,CO2 emissions (kt),EN.ATM.CO2E.KT,1987,
Antigua and Barbuda,ATG,CO2 emissions (kt),EN.ATM.CO2E.KT,1988,
Antigua and Barbuda,ATG,CO2 emissions (kt),EN.ATM.CO2E.KT,1989,
Antigua and Barbuda,ATG,CO2 emissions (kt),EN.ATM.CO2E.KT,1990,210
Antigua and Barbuda,ATG,CO2 emissions (kt),EN.ATM.CO2E.KT,1991,220
Antigua and Barbuda,ATG,CO2 emissions (kt),EN.ATM.CO2E.KT,1992,290
Antigua and Barbuda,ATG,CO2 emissions (kt),EN.ATM.CO2E.KT,1993,250
Antigua and Barbuda,ATG,CO2 emissions (kt),EN.ATM.CO2E.KT,1994,250
Antigua and Barbuda,ATG,CO2 emissions (kt),EN.ATM.CO2E.KT,1995,270
Antigua and Barbuda,ATG,CO2 emissions (kt),EN.ATM.CO2E.KT,1996,280
Antigua and Barbuda,ATG,CO2 emissions (kt),EN.ATM.CO2E.KT,1997,290
Antigua and Barbuda,ATG,CO2 emissions (kt),EN.ATM.CO2E.KT,1998,320
Antigua and Barbuda,ATG,CO2 emissions (kt),EN.ATM.CO2E.KT,1999,330
Antigua and Barbuda,ATG,CO2 emissions (kt),EN.ATM.CO2E.KT,2000,330
Antigua and Barbuda,ATG,CO2 emissions (kt),EN.ATM.CO2E.KT,2001,350
Antigua and Barbuda,ATG,CO2 emissions (kt),EN.ATM.CO2E.KT,2002,389.999985694885
Antigua and Barbuda,ATG,CO2 emissions (kt),EN.ATM.CO2E.KT,2003,409.999996423721
Antigua and Barbuda,ATG,CO2 emissions (kt),EN.ATM.CO2E.KT,2004,400.000005960464
Antigua and Barbuda,ATG,CO2 emissions (kt),EN.ATM.CO2E.KT,2005,409.999996423721
Antigua and Barbuda,ATG,CO2 emissions (kt),EN.ATM.CO2E.KT,2006,439.999997615814
Antigua and Barbuda,ATG,CO2 emissions (kt),EN.ATM.CO2E.KT,2007,460.00000834465
Antigua and Barbuda,ATG,CO2 emissions (kt),EN.ATM.CO2E.KT,2008,479.999989271164
Antigua and Barbuda,ATG,CO2 emissions (kt),EN.ATM.CO2E.KT,2009,1389.99998569489
Antigua and Barbuda,ATG,CO2 emissions (kt),EN.ATM.CO2E.KT,2010,490.000009536743
Antigua and Barbuda,ATG,CO2 emissions (kt),EN.ATM.CO2E.KT,2011,540.000021457672
Antigua and Barbuda,ATG,CO2 emissions (kt),EN.ATM.CO2E.KT,2012,699.999988079071
Antigua and Barbuda,ATG,CO2 emissions (kt),EN.ATM.CO2E.KT,2013,469.999998807907
Antigua and Barbuda,ATG,CO2 emissions (kt),EN.ATM.CO2E.KT,2014,479.999989271164
Antigua and Barbuda,ATG,CO2 emissions (kt),EN.ATM.CO2E.KT,2015,490.000009536743
Antigua and Barbuda,ATG,CO2 emissions (kt),EN.ATM.CO2E.KT,2016,500
Antigua and Barbuda,ATG,CO2 emissions (kt),EN.ATM.CO2E.KT,2017,500
Antigua and Barbuda,ATG,CO2 emissions (kt),EN.ATM.CO2E.KT,2018,509.999990463257
Antigua and Barbuda,ATG,CO2 emissions (kt),EN.ATM.CO2E.KT,2019,519.999980926514
Antigua and Barbuda,ATG,CO2 emissions (kt),EN.ATM.CO2E.KT,2020,
Antigua and Barbuda,ATG,CO2 emissions (kt),EN.ATM.CO2E.KT,2021,
Australia,AUS,CO2 emissions (kt),EN.ATM.CO2E.KT,1960,
Australia,AUS,CO2 emissions (kt),EN.ATM.CO2E.KT,1961,
Australia,AUS,CO2 emissions (kt),EN.ATM.CO2E.KT,1962,
Australia,AUS,CO2 emissions (kt),EN.ATM.CO2E.KT,1963,
Australia,AUS,CO2 emissions (kt),EN.ATM.CO2E.KT,1964,
Australia,AUS,CO2 emissions (kt),EN.ATM.CO2E.KT,1965,
Australia,AUS,CO2 emissions (kt),EN.ATM.CO2E.KT,1966,
Australia,AUS,CO2 emissions (kt),EN.ATM.CO2E.KT,1967,
Australia,AUS,CO2 emissions (kt),EN.ATM.CO2E.KT,1968,
Australia,AUS,CO2 emissions (kt),EN.ATM.CO2E.KT,1969,
Australia,AUS,CO2 emissions (kt),EN.ATM.CO2E.KT,1970,
Australia,AUS,CO2 emissions (kt),EN.ATM.CO2E.KT,1971,
Australia,AUS,CO2 emissions (kt),EN.ATM.CO2E.KT,1972,
Australia,AUS,CO2 emissions (kt),EN.ATM.CO2E.KT,1973,
Australia,AUS,CO2 emissions (kt),EN.ATM.CO2E.KT,1974,
Australia,AUS,CO2 emissions (kt),EN.ATM.CO2E.KT,1975,
Australia,AUS,CO2 emissions (kt),EN.ATM.CO2E.KT,1976,
Australia,AUS,CO2 emissions (kt),EN.ATM.CO2E.KT,1977,
Australia,AUS,CO2 emissions (kt),EN.ATM.CO2E.KT,1978,
Australia,AUS,CO2 emissions (kt),EN.ATM.CO2E.KT,1979,
Australia,AUS,CO2 emissions (kt),EN.ATM.CO2E.KT,1980,
Australia,AUS,CO2 emissions (kt),EN.ATM.CO2E.KT,1981,
Australia,AUS,CO2 emissions (kt),EN.ATM.CO2E.KT,1982,
Australia,AUS,CO2 emissions (kt),EN.ATM.CO2E.KT,1983,
Australia,AUS,CO2 emissions (kt),EN.ATM.CO2E.KT,1984,
Australia,AUS,CO2 emissions (kt),EN.ATM.CO2E.KT,1985,
Australia,AUS,CO2 emissions (kt),EN.ATM.CO2E.KT,1986,
Australia,AUS,CO2 emissions (kt),EN.ATM.CO2E.KT,1987,
Australia,AUS,CO2 emissions (kt),EN.ATM.CO2E.KT,1988,
Australia,AUS,CO2 emissions (kt),EN.ATM.CO2E.KT,1989,
Australia,AUS,CO2 emissions (kt),EN.ATM.CO2E.KT,1990,263630
Australia,AUS,CO2 emissions (kt),EN.ATM.CO2E.KT,1991,264760
Australia,AUS,CO2 emissions (kt),EN.ATM.CO2E.KT,1992,268400
Australia,AUS,CO2 emissions (kt),EN.ATM.CO2E.KT,1993,273050
Australia,AUS,CO2 emissions (kt),EN.ATM.CO2E.KT,1994,280180
Australia,AUS,CO2 emissions (kt),EN.ATM.CO2E.KT,1995,290180
Australia,AUS,CO2 emissions (kt),EN.ATM.CO2E.KT,1996,300810
Australia,AUS,CO2 emissions (kt),EN.ATM.CO2E.KT,1997,307850
Australia,AUS,CO2 emissions (kt),EN.ATM.CO2E.KT,1998,328620
Australia,AUS,CO2 emissions (kt),EN.ATM.CO2E.KT,1999,333710
Australia,AUS,CO2 emissions (kt),EN.ATM.CO2E.KT,2000,339450
Australia,AUS,CO2 emissions (kt),EN.ATM.CO2E.KT,2001,345640
Australia,AUS,CO2 emissions (kt),EN.ATM.CO2E.KT,2002,353369.995117188
Australia,AUS,CO2 emissions (kt),EN.ATM.CO2E.KT,2003,352579.986572266
Australia,AUS,CO2 emissions (kt),EN.ATM.CO2E.KT,2004,365809.997558594
Australia,AUS,CO2 emissions (kt),EN.ATM.CO2E.KT,2005,370089.996337891
Australia,AUS,CO2 emissions (kt),EN.ATM.CO2E.KT,2006,375489.990234375
Australia,AUS,CO2 emissions (kt),EN.ATM.CO2E.KT,2007,385750
Australia,AUS,CO2 emissions (kt),EN.ATM.CO2E.KT,2008,388940.002441406
Australia,AUS,CO2 emissions (kt),EN.ATM.CO2E.KT,2009,395290.008544922
Australia,AUS,CO2 emissions (kt),EN.ATM.CO2E.KT,2010,387540.008544922
Australia,AUS,CO2 emissions (kt),EN.ATM.CO2E.KT,2011,386380.004882813
Australia,AUS,CO2 emissions (kt),EN.ATM.CO2E.KT,2012,386970.001220703
Australia,AUS,CO2 emissions (kt),EN.ATM.CO2E.KT,2013,380279.998779297
Australia,AUS,CO2 emissions (kt),EN.ATM.CO2E.KT,2014,371630.004882813
Australia,AUS,CO2 emissions (kt),EN.ATM.CO2E.KT,2015,377799.987792969
Australia,AUS,CO2 emissions (kt),EN.ATM.CO2E.KT,2016,384989.990234375
Australia,AUS,CO2 emissions (kt),EN.ATM.CO2E.KT,2017,389160.003662109
Australia,AUS,CO2 emissions (kt),EN.ATM.CO2E.KT,2018,387070.007324219
Australia,AUS,CO2 emissions (kt),EN.ATM.CO2E.KT,2019,386529.998779297
Australia,AUS,CO2 emissions (kt),EN.ATM.CO2E.KT,2020,
Australia,AUS,CO2 emissions (kt),EN.ATM.CO2E.KT,2021,
Austria,AUT,CO2 emissions (kt),EN.ATM.CO2E.KT,1960,
Austria,AUT,CO2 emissions (kt),EN.ATM.CO2E.KT,1961,
Austria,AUT,CO2 emissions (kt),EN.ATM.CO2E.KT,1962,
Austria,AUT,CO2 emissions (kt),EN.ATM.CO2E.KT,1963,
Austria,AUT,CO2 emissions (kt),EN.ATM.CO2E.KT,1964,
Austria,AUT,CO2 emissions (kt),EN.ATM.CO2E.KT,1965,
Austria,AUT,CO2 emissions (kt),EN.ATM.CO2E.KT,1966,
Austria,AUT,CO2 emissions (kt),EN.ATM.CO2E.KT,1967,
Austria,AUT,CO2 emissions (kt),EN.ATM.CO2E.KT,1968,
Austria,AUT,CO2 emissions (kt),EN.ATM.CO2E.KT,1969,
Austria,AUT,CO2 emissions (kt),EN.ATM.CO2E.KT,1970,
Austria,AUT,CO2 emissions (kt),EN.ATM.CO2E.KT,1971,
Austria,AUT,CO2 emissions (kt),EN.ATM.CO2E.KT,1972,
Austria,AUT,CO2 emissions (kt),EN.ATM.CO2E.KT,1973,
Austria,AUT,CO2 emissions (kt),EN.ATM.CO2E.KT,1974,
Austria,AUT,CO2 emissions (kt),EN.ATM.CO2E.KT,1975,
Austria,AUT,CO2 emissions (kt),EN.ATM.CO2E.KT,1976,
Austria,AUT,CO2 emissions (kt),EN.ATM.CO2E.KT,1977,
Austria,AUT,CO2 emissions (kt),EN.ATM.CO2E.KT,1978,
Austria,AUT,CO2 emissions (kt),EN.ATM.CO2E.KT,1979,
Austria,AUT,CO2 emissions (kt),EN.ATM.CO2E.KT,1980,
Austria,AUT,CO2 emissions (kt),EN.ATM.CO2E.KT,1981,
Austria,AUT,CO2 emissions (kt),EN.ATM.CO2E.KT,1982,
Austria,AUT,CO2 emissions (kt),EN.ATM.CO2E.KT,1983,
Austria,AUT,CO2 emissions (kt),EN.ATM.CO2E.KT,1984,
Austria,AUT,CO2 emissions (kt),EN.ATM.CO2E.KT,1985,
Austria,AUT,CO2 emissions (kt),EN.ATM.CO2E.KT,1986,
Austria,AUT,CO2 emissions (kt),EN.ATM.CO2E.KT,1987,
Austria,AUT,CO2 emissions (kt),EN.ATM.CO2E.KT,1988,
Austria,AUT,CO2 emissions (kt),EN.ATM.CO2E.KT,1989,
Austria,AUT,CO2 emissions (kt),EN.ATM.CO2E.KT,1990,58270
Austria,AUT,CO2 emissions (kt),EN.ATM.CO2E.KT,1991,62420
Austria,AUT,CO2 emissions (kt),EN.ATM.CO2E.KT,1992,57660
Austria,AUT,CO2 emissions (kt),EN.ATM.CO2E.KT,1993,57800
Austria,AUT,CO2 emissions (kt),EN.ATM.CO2E.KT,1994,58280
Austria,AUT,CO2 emissions (kt),EN.ATM.CO2E.KT,1995,61180
Austria,AUT,CO2 emissions (kt),EN.ATM.CO2E.KT,1996,64900
Austria,AUT,CO2 emissions (kt),EN.ATM.CO2E.KT,1997,64220
Austria,AUT,CO2 emissions (kt),EN.ATM.CO2E.KT,1998,64670
Austria,AUT,CO2 emissions (kt),EN.ATM.CO2E.KT,1999,63050
Austria,AUT,CO2 emissions (kt),EN.ATM.CO2E.KT,2000,63530
Austria,AUT,CO2 emissions (kt),EN.ATM.CO2E.KT,2001,67910
Austria,AUT,CO2 emissions (kt),EN.ATM.CO2E.KT,2002,69370.002746582
Austria,AUT,CO2 emissions (kt),EN.ATM.CO2E.KT,2003,74459.9990844727
Austria,AUT,CO2 emissions (kt),EN.ATM.CO2E.KT,2004,75800.0030517578
Austria,AUT,CO2 emissions (kt),EN.ATM.CO2E.KT,2005,76239.9978637695
Austria,AUT,CO2 emissions (kt),EN.ATM.CO2E.KT,2006,74099.9984741211
Austria,AUT,CO2 emissions (kt),EN.ATM.CO2E.KT,2007,71239.9978637695
Austria,AUT,CO2 emissions (kt),EN.ATM.CO2E.KT,2008,70730.0033569336
Austria,AUT,CO2 emissions (kt),EN.ATM.CO2E.KT,2009,64419.9981689453
Austria,AUT,CO2 emissions (kt),EN.ATM.CO2E.KT,2010,69959.9990844727
Austria,AUT,CO2 emissions (kt),EN.ATM.CO2E.KT,2011,68269.9966430664
Austria,AUT,CO2 emissions (kt),EN.ATM.CO2E.KT,2012,65110.0006103516
Austria,AUT,CO2 emissions (kt),EN.ATM.CO2E.KT,2013,65750
Austria,AUT,CO2 emissions (kt),EN.ATM.CO2E.KT,2014,62049.9992370605
Austria,AUT,CO2 emissions (kt),EN.ATM.CO2E.KT,2015,63240.0016784668
Austria,AUT,CO2 emissions (kt),EN.ATM.CO2E.KT,2016,63680.0003051758
Austria,AUT,CO2 emissions (kt),EN.ATM.CO2E.KT,2017,65860.0006103516
Austria,AUT,CO2 emissions (kt),EN.ATM.CO2E.KT,2018,63060.001373291
Austria,AUT,CO2 emissions (kt),EN.ATM.CO2E.KT,2019,64769.9966430664
Austria,AUT,CO2 emissions (kt),EN.ATM.CO2E.KT,2020,
Austria,AUT,CO2 emissions (kt),EN.ATM.CO2E.KT,2021,
Azerbaijan,AZE,CO2 emissions (kt),EN.ATM.CO2E.KT,1960,
Azerbaijan,AZE,CO2 emissions (kt),EN.ATM.CO2E.KT,1961,
Azerbaijan,AZE,CO2 emissions (kt),EN.ATM.CO2E.KT,1962,
Azerbaijan,AZE,CO2 emissions (kt),EN.ATM.CO2E.KT,1963,
Azerbaijan,AZE,CO2 emissions (kt),EN.ATM.CO2E.KT,1964,
Azerbaijan,AZE,CO2 emissions (kt),EN.ATM.CO2E.KT,1965,
Azerbaijan,AZE,CO2 emissions (kt),EN.ATM.CO2E.KT,1966,
Azerbaijan,AZE,CO2 emissions (kt),EN.ATM.CO2E.KT,1967,
Azerbaijan,AZE,CO2 emissions (kt),EN.ATM.CO2E.KT,1968,
Azerbaijan,AZE,CO2 emissions (kt),EN.ATM.CO2E.KT,1969,
Azerbaijan,AZE,CO2 emissions (kt),EN.ATM.CO2E.KT,1970,
Azerbaijan,AZE,CO2 emissions (kt),EN.ATM.CO2E.KT,1971,
Azerbaijan,AZE,CO2 emissions (kt),EN.ATM.CO2E.KT,1972,
Azerbaijan,AZE,CO2 emissions (kt),EN.ATM.CO2E.KT,1973,
Azerbaijan,AZE,CO2 emissions (kt),EN.ATM.CO2E.KT,1974,
Azerbaijan,AZE,CO2 emissions (kt),EN.ATM.CO2E.KT,1975,
Azerbaijan,AZE,CO2 emissions (kt),EN.ATM.CO2E.KT,1976,
Azerbaijan,AZE,CO2 emissions (kt),EN.ATM.CO2E.KT,1977,
Azerbaijan,AZE,CO2 emissions (kt),EN.ATM.CO2E.KT,1978,
Azerbaijan,AZE,CO2 emissions (kt),EN.ATM.CO2E.KT,1979,
Azerbaijan,AZE,CO2 emissions (kt),EN.ATM.CO2E.KT,1980,
Azerbaijan,AZE,CO2 emissions (kt),EN.ATM.CO2E.KT,1981,
Azerbaijan,AZE,CO2 emissions (kt),EN.ATM.CO2E.KT,1982,
Azerbaijan,AZE,CO2 emissions (kt),EN.ATM.CO2E.KT,1983,
Azerbaijan,AZE,CO2 emissions (kt),EN.ATM.CO2E.KT,1984,
Azerbaijan,AZE,CO2 emissions (kt),EN.ATM.CO2E.KT,1985,
Azerbaijan,AZE,CO2 emissions (kt),EN.ATM.CO2E.KT,1986,
Azerbaijan,AZE,CO2 emissions (kt),EN.ATM.CO2E.KT,1987,
Azerbaijan,AZE,CO2 emissions (kt),EN.ATM.CO2E.KT,1988,
Azerbaijan,AZE,CO2 emissions (kt),EN.ATM.CO2E.KT,1989,
Azerbaijan,AZE,CO2 emissions (kt),EN.ATM.CO2E.KT,1990,53480
Azerbaijan,AZE,CO2 emissions (kt),EN.ATM.CO2E.KT,1991,52060
Azerbaijan,AZE,CO2 emissions (kt),EN.ATM.CO2E.KT,1992,63610
Azerbaijan,AZE,CO2 emissions (kt),EN.ATM.CO2E.KT,1993,48050
Azerbaijan,AZE,CO2 emissions (kt),EN.ATM.CO2E.KT,1994,33520
Azerbaijan,AZE,CO2 emissions (kt),EN.ATM.CO2E.KT,1995,32470
Azerbaijan,AZE,CO2 emissions (kt),EN.ATM.CO2E.KT,1996,27190
Azerbaijan,AZE,CO2 emissions (kt),EN.ATM.CO2E.KT,1997,26490
Azerbaijan,AZE,CO2 emissions (kt),EN.ATM.CO2E.KT,1998,26490
Azerbaijan,AZE,CO2 emissions (kt),EN.ATM.CO2E.KT,1999,26120
Azerbaijan,AZE,CO2 emissions (kt),EN.ATM.CO2E.KT,2000,27690
Azerbaijan,AZE,CO2 emissions (kt),EN.ATM.CO2E.KT,2001,26400
Azerbaijan,AZE,CO2 emissions (kt),EN.ATM.CO2E.KT,2002,26180.0003051758
Azerbaijan,AZE,CO2 emissions (kt),EN.ATM.CO2E.KT,2003,28569.9996948242
Azerbaijan,AZE,CO2 emissions (kt),EN.ATM.CO2E.KT,2004,28309.9994659424
Azerbaijan,AZE,CO2 emissions (kt),EN.ATM.CO2E.KT,2005,30040.0009155273
Azerbaijan,AZE,CO2 emissions (kt),EN.ATM.CO2E.KT,2006,30489.9997711182
Azerbaijan,AZE,CO2 emissions (kt),EN.ATM.CO2E.KT,2007,27629.9991607666
Azerbaijan,AZE,CO2 emissions (kt),EN.ATM.CO2E.KT,2008,30450.0007629395
Azerbaijan,AZE,CO2 emissions (kt),EN.ATM.CO2E.KT,2009,25500
Azerbaijan,AZE,CO2 emissions (kt),EN.ATM.CO2E.KT,2010,24309.9994659424
Azerbaijan,AZE,CO2 emissions (kt),EN.ATM.CO2E.KT,2011,27280.0006866455
Azerbaijan,AZE,CO2 emissions (kt),EN.ATM.CO2E.KT,2012,30110.0006103516
Azerbaijan,AZE,CO2 emissions (kt),EN.ATM.CO2E.KT,2013,30940.0005340576
Azerbaijan,AZE,CO2 emissions (kt),EN.ATM.CO2E.KT,2014,32240.0016784668
Azerbaijan,AZE,CO2 emissions (kt),EN.ATM.CO2E.KT,2015,31770.0004577637
Azerbaijan,AZE,CO2 emissions (kt),EN.ATM.CO2E.KT,2016,32240.0016784668
Azerbaijan,AZE,CO2 emissions (kt),EN.ATM.CO2E.KT,2017,31959.9990844727
Azerbaijan,AZE,CO2 emissions (kt),EN.ATM.CO2E.KT,2018,32729.9995422363
Azerbaijan,AZE,CO2 emissions (kt),EN.ATM.CO2E.KT,2019,35509.9983215332
Azerbaijan,AZE,CO2 emissions (kt),EN.ATM.CO2E.KT,2020,
Azerbaijan,AZE,CO2 emissions (kt),EN.ATM.CO2E.KT,2021,
Burundi,BDI,CO2 emissions (kt),EN.ATM.CO2E.KT,1960,
Burundi,BDI,CO2 emissions (kt),EN.ATM.CO2E.KT,1961,
Burundi,BDI,CO2 emissions (kt),EN.ATM.CO2E.KT,1962,
Burundi,BDI,CO2 emissions (kt),EN.ATM.CO2E.KT,1963,
Burundi,BDI,CO2 emissions (kt),EN.ATM.CO2E.KT,1964,
Burundi,BDI,CO2 emissions (kt),EN.ATM.CO2E.KT,1965,
Burundi,BDI,CO2 emissions (kt),EN.ATM.CO2E.KT,1966,
Burundi,BDI,CO2 emissions (kt),EN.ATM.CO2E.KT,1967,
Burundi,BDI,CO2 emissions (kt),EN.ATM.CO2E.KT,1968,
Burundi,BDI,CO2 emissions (kt),EN.ATM.CO2E.KT,1969,
Burundi,BDI,CO2 emissions (kt),EN.ATM.CO2E.KT,1970,
Burundi,BDI,CO2 emissions (kt),EN.ATM.CO2E.KT,1971,
Burundi,BDI,CO2 emissions (kt),EN.ATM.CO2E.KT,1972,
Burundi,BDI,CO2 emissions (kt),EN.ATM.CO2E.KT,1973,
Burundi,BDI,CO2 emissions (kt),EN.ATM.CO2E.KT,1974,
Burundi,BDI,CO2 emissions (kt),EN.ATM.CO2E.KT,1975,
Burundi,BDI,CO2 emissions (kt),EN.ATM.CO2E.KT,1976,
Burundi,BDI,CO2 emissions (kt),EN.ATM.CO2E.KT,1977,
Burundi,BDI,CO2 emissions (kt),EN.ATM.CO2E.KT,1978,
Burundi,BDI,CO2 emissions (kt),EN.ATM.CO2E.KT,1979,
Burundi,BDI,CO2 emissions (kt),EN.ATM.CO2E.KT,1980,
Burundi,BDI,CO2 emissions (kt),EN.ATM.CO2E.KT,1981,
Burundi,BDI,CO2 emissions (kt),EN.ATM.CO2E.KT,1982,
Burundi,BDI,CO2 emissions (kt),EN.ATM.CO2E.KT,1983,
Burundi,BDI,CO2 emissions (kt),EN.ATM.CO2E.KT,1984,
Burundi,BDI,CO2 emissions (kt),EN.ATM.CO2E.KT,1985,
Burundi,BDI,CO2 emissions (kt),EN.ATM.CO2E.KT,1986,
Burundi,BDI,CO2 emissions (kt),EN.ATM.CO2E.KT,1987,
Burundi,BDI,CO2 emissions (kt),EN.ATM.CO2E.KT,1988,
Burundi,BDI,CO2 emissions (kt),EN.ATM.CO2E.KT,1989,
Burundi,BDI,CO2 emissions (kt),EN.ATM.CO2E.KT,1990,170
Burundi,BDI,CO2 emissions (kt),EN.ATM.CO2E.KT,1991,220
Burundi,BDI,CO2 emissions (kt),EN.ATM.CO2E.KT,1992,180
Burundi,BDI,CO2 emissions (kt),EN.ATM.CO2E.KT,1993,190
Burundi,BDI,CO2 emissions (kt),EN.ATM.CO2E.KT,1994,190
Burundi,BDI,CO2 emissions (kt),EN.ATM.CO2E.KT,1995,200
Burundi,BDI,CO2 emissions (kt),EN.ATM.CO2E.KT,1996,210
Burundi,BDI,CO2 emissions (kt),EN.ATM.CO2E.KT,1997,210
Burundi,BDI,CO2 emissions (kt),EN.ATM.CO2E.KT,1998,220
Burundi,BDI,CO2 emissions (kt),EN.ATM.CO2E.KT,1999,230
Burundi,BDI,CO2 emissions (kt),EN.ATM.CO2E.KT,2000,260
Burundi,BDI,CO2 emissions (kt),EN.ATM.CO2E.KT,2001,200
Burundi,BDI,CO2 emissions (kt),EN.ATM.CO2E.KT,2002,209.999993443489
Burundi,BDI,CO2 emissions (kt),EN.ATM.CO2E.KT,2003,159.999996423721
Burundi,BDI,CO2 emissions (kt),EN.ATM.CO2E.KT,2004,150.000005960464
Burundi,BDI,CO2 emissions (kt),EN.ATM.CO2E.KT,2005,150.000005960464
Burundi,BDI,CO2 emissions (kt),EN.ATM.CO2E.KT,2006,180.000007152557
Burundi,BDI,CO2 emissions (kt),EN.ATM.CO2E.KT,2007,180.000007152557
Burundi,BDI,CO2 emissions (kt),EN.ATM.CO2E.KT,2008,180.000007152557
Burundi,BDI,CO2 emissions (kt),EN.ATM.CO2E.KT,2009,180.000007152557
Burundi,BDI,CO2 emissions (kt),EN.ATM.CO2E.KT,2010,300.000011920929
Burundi,BDI,CO2 emissions (kt),EN.ATM.CO2E.KT,2011,360.000014305115
Burundi,BDI,CO2 emissions (kt),EN.ATM.CO2E.KT,2012,370.000004768372
Burundi,BDI,CO2 emissions (kt),EN.ATM.CO2E.KT,2013,389.999985694885
Burundi,BDI,CO2 emissions (kt),EN.ATM.CO2E.KT,2014,379.999995231628
Burundi,BDI,CO2 emissions (kt),EN.ATM.CO2E.KT,2015,400.000005960464
Burundi,BDI,CO2 emissions (kt),EN.ATM.CO2E.KT,2016,439.999997615814
Burundi,BDI,CO2 emissions (kt),EN.ATM.CO2E.KT,2017,529.999971389771
Burundi,BDI,CO2 emissions (kt),EN.ATM.CO2E.KT,2018,689.999997615814
Burundi,BDI,CO2 emissions (kt),EN.ATM.CO2E.KT,2019,720.000028610229
Burundi,BDI,CO2 emissions (kt),EN.ATM.CO2E.KT,2020,
Burundi,BDI,CO2 emissions (kt),EN.ATM.CO2E.KT,2021,
Belgium,BEL,CO2 emissions (kt),EN.ATM.CO2E.KT,1960,
Belgium,BEL,CO2 emissions (kt),EN.ATM.CO2E.KT,1961,
Belgium,BEL,CO2 emissions (kt),EN.ATM.CO2E.KT,1962,
Belgium,BEL,CO2 emissions (kt),EN.ATM.CO2E.KT,1963,
Belgium,BEL,CO2 emissions (kt),EN.ATM.CO2E.KT,1964,
Belgium,BEL,CO2 emissions (kt),EN.ATM.CO2E.KT,1965,
Belgium,BEL,CO2 emissions (kt),EN.ATM.CO2E.KT,1966,
Belgium,BEL,CO2 emissions (kt),EN.ATM.CO2E.KT,1967,
Belgium,BEL,CO2 emissions (kt),EN.ATM.CO2E.KT,1968,
Belgium,BEL,CO2 emissions (kt),EN.ATM.CO2E.KT,1969,
Belgium,BEL,CO2 emissions (kt),EN.ATM.CO2E.KT,1970,
Belgium,BEL,CO2 emissions (kt),EN.ATM.CO2E.KT,1971,
Belgium,BEL,CO2 emissions (kt),EN.ATM.CO2E.KT,1972,
Belgium,BEL,CO2 emissions (kt),EN.ATM.CO2E.KT,1973,
Belgium,BEL,CO2 emissions (kt),EN.ATM.CO2E.KT,1974,
Belgium,BEL,CO2 emissions (kt),EN.ATM.CO2E.KT,1975,
Belgium,BEL,CO2 emissions (kt),EN.ATM.CO2E.KT,1976,
Belgium,BEL,CO2 emissions (kt),EN.ATM.CO2E.KT,1977,
Belgium,BEL,CO2 emissions (kt),EN.ATM.CO2E.KT,1978,
Belgium,BEL,CO2 emissions (kt),EN.ATM.CO2E.KT,1979,
Belgium,BEL,CO2 emissions (kt),EN.ATM.CO2E.KT,1980,
Belgium,BEL,CO2 emissions (kt),EN.ATM.CO2E.KT,1981,
Belgium,BEL,CO2 emissions (kt),EN.ATM.CO2E.KT,1982,
Belgium,BEL,CO2 emissions (kt),EN.ATM.CO2E.KT,1983,
Belgium,BEL,CO2 emissions (kt),EN.ATM.CO2E.KT,1984,
Belgium,BEL,CO2 emissions (kt),EN.ATM.CO2E.KT,1985,
Belgium,BEL,CO2 emissions (kt),EN.ATM.CO2E.KT,1986,
Belgium,BEL,CO2 emissions (kt),EN.ATM.CO2E.KT,1987,
Belgium,BEL,CO2 emissions (kt),EN.ATM.CO2E.KT,1988,
Belgium,BEL,CO2 emissions (kt),EN.ATM.CO2E.KT,1989,
Belgium,BEL,CO2 emissions (kt),EN.ATM.CO2E.KT,1990,109310
Belgium,BEL,CO2 emissions (kt),EN.ATM.CO2E.KT,1991,113960
Belgium,BEL,CO2 emissions (kt),EN.ATM.CO2E.KT,1992,112330
Belgium,BEL,CO2 emissions (kt),EN.ATM.CO2E.KT,1993,110110
Belgium,BEL,CO2 emissions (kt),EN.ATM.CO2E.KT,1994,114900
Belgium,BEL,CO2 emissions (kt),EN.ATM.CO2E.KT,1995,114570
Belgium,BEL,CO2 emissions (kt),EN.ATM.CO2E.KT,1996,119450
Belgium,BEL,CO2 emissions (kt),EN.ATM.CO2E.KT,1997,116630
Belgium,BEL,CO2 emissions (kt),EN.ATM.CO2E.KT,1998,119410
Belgium,BEL,CO2 emissions (kt),EN.ATM.CO2E.KT,1999,115510
Belgium,BEL,CO2 emissions (kt),EN.ATM.CO2E.KT,2000,117270
Belgium,BEL,CO2 emissions (kt),EN.ATM.CO2E.KT,2001,118340
Belgium,BEL,CO2 emissions (kt),EN.ATM.CO2E.KT,2002,110849.998474121
Belgium,BEL,CO2 emissions (kt),EN.ATM.CO2E.KT,2003,115500
Belgium,BEL,CO2 emissions (kt),EN.ATM.CO2E.KT,2004,114019.996643066
Belgium,BEL,CO2 emissions (kt),EN.ATM.CO2E.KT,2005,110610.000610352
Belgium,BEL,CO2 emissions (kt),EN.ATM.CO2E.KT,2006,108650.001525879
Belgium,BEL,CO2 emissions (kt),EN.ATM.CO2E.KT,2007,104589.996337891
Belgium,BEL,CO2 emissions (kt),EN.ATM.CO2E.KT,2008,106930.000305176
Belgium,BEL,CO2 emissions (kt),EN.ATM.CO2E.KT,2009,99669.9981689453
Belgium,BEL,CO2 emissions (kt),EN.ATM.CO2E.KT,2010,106720.001220703
Belgium,BEL,CO2 emissions (kt),EN.ATM.CO2E.KT,2011,96480.0033569336
Belgium,BEL,CO2 emissions (kt),EN.ATM.CO2E.KT,2012,95269.9966430664
Belgium,BEL,CO2 emissions (kt),EN.ATM.CO2E.KT,2013,96589.9963378906
Belgium,BEL,CO2 emissions (kt),EN.ATM.CO2E.KT,2014,90139.9993896484
Belgium,BEL,CO2 emissions (kt),EN.ATM.CO2E.KT,2015,95129.997253418
Belgium,BEL,CO2 emissions (kt),EN.ATM.CO2E.KT,2016,94220.0012207031
Belgium,BEL,CO2 emissions (kt),EN.ATM.CO2E.KT,2017,92720.0012207031
Belgium,BEL,CO2 emissions (kt),EN.ATM.CO2E.KT,2018,93660.0036621094
Belgium,BEL,CO2 emissions (kt),EN.ATM.CO2E.KT,2019,93010.0021362305
Belgium,BEL,CO2 emissions (kt),EN.ATM.CO2E.KT,2020,
Belgium,BEL,CO2 emissions (kt),EN.ATM.CO2E.KT,2021,
Benin,BEN,CO2 emissions (kt),EN.ATM.CO2E.KT,1960,
Benin,BEN,CO2 emissions (kt),EN.ATM.CO2E.KT,1961,
Benin,BEN,CO2 emissions (kt),EN.ATM.CO2E.KT,1962,
Benin,BEN,CO2 emissions (kt),EN.ATM.CO2E.KT,1963,
Benin,BEN,CO2 emissions (kt),EN.ATM.CO2E.KT,1964,
Benin,BEN,CO2 emissions (kt),EN.ATM.CO2E.KT,1965,
Benin,BEN,CO2 emissions (kt),EN.ATM.CO2E.KT,1966,
Benin,BEN,CO2 emissions (kt),EN.ATM.CO2E.KT,1967,
Benin,BEN,CO2 emissions (kt),EN.ATM.CO2E.KT,1968,
Benin,BEN,CO2 emissions (kt),EN.ATM.CO2E.KT,1969,
Benin,BEN,CO2 emissions (kt),EN.ATM.CO2E.KT,1970,
Benin,BEN,CO2 emissions (kt),EN.ATM.CO2E.KT,1971,
Benin,BEN,CO2 emissions (kt),EN.ATM.CO2E.KT,1972,
Benin,BEN,CO2 emissions (kt),EN.ATM.CO2E.KT,1973,
Benin,BEN,CO2 emissions (kt),EN.ATM.CO2E.KT,1974,
Benin,BEN,CO2 emissions (kt),EN.ATM.CO2E.KT,1975,
Benin,BEN,CO2 emissions (kt),EN.ATM.CO2E.KT,1976,
Benin,BEN,CO2 emissions (kt),EN.ATM.CO2E.KT,1977,
Benin,BEN,CO2 emissions (kt),EN.ATM.CO2E.KT,1978,
Benin,BEN,CO2 emissions (kt),EN.ATM.CO2E.KT,1979,
Benin,BEN,CO2 emissions (kt),EN.ATM.CO2E.KT,1980,
Benin,BEN,CO2 emissions (kt),EN.ATM.CO2E.KT,1981,
Benin,BEN,CO2 emissions (kt),EN.ATM.CO2E.KT,1982,
Benin,BEN,CO2 emissions (kt),EN.ATM.CO2E.KT,1983,
Benin,BEN,CO2 emissions (kt),EN.ATM.CO2E.KT,1984,
Benin,BEN,CO2 emissions (kt),EN.ATM.CO2E.KT,1985,
Benin,BEN,CO2 emissions (kt),EN.ATM.CO2E.KT,1986,
Benin,BEN,CO2 emissions (kt),EN.ATM.CO2E.KT,1987,
Benin,BEN,CO2 emissions (kt),EN.ATM.CO2E.KT,1988,
Benin,BEN,CO2 emissions (kt),EN.ATM.CO2E.KT,1989,
Benin,BEN,CO2 emissions (kt),EN.ATM.CO2E.KT,1990,330
Benin,BEN,CO2 emissions (kt),EN.ATM.CO2E.KT,1991,270
Benin,BEN,CO2 emissions (kt),EN.ATM.CO2E.KT,1992,280
Benin,BEN,CO2 emissions (kt),EN.ATM.CO2E.KT,1993,290
Benin,BEN,CO2 emissions (kt),EN.ATM.CO2E.KT,1994,280
Benin,BEN,CO2 emissions (kt),EN.ATM.CO2E.KT,1995,300
Benin,BEN,CO2 emissions (kt),EN.ATM.CO2E.KT,1996,970
Benin,BEN,CO2 emissions (kt),EN.ATM.CO2E.KT,1997,1240
Benin,BEN,CO2 emissions (kt),EN.ATM.CO2E.KT,1998,1210
Benin,BEN,CO2 emissions (kt),EN.ATM.CO2E.KT,1999,1340
Benin,BEN,CO2 emissions (kt),EN.ATM.CO2E.KT,2000,1420
Benin,BEN,CO2 emissions (kt),EN.ATM.CO2E.KT,2001,1740
Benin,BEN,CO2 emissions (kt),EN.ATM.CO2E.KT,2002,2180.0000667572
Benin,BEN,CO2 emissions (kt),EN.ATM.CO2E.KT,2003,2440.00005722046
Benin,BEN,CO2 emissions (kt),EN.ATM.CO2E.KT,2004,2650.00009536743
Benin,BEN,CO2 emissions (kt),EN.ATM.CO2E.KT,2005,2900.00009536743
Benin,BEN,CO2 emissions (kt),EN.ATM.CO2E.KT,2006,3470.00002861023
Benin,BEN,CO2 emissions (kt),EN.ATM.CO2E.KT,2007,4000
Benin,BEN,CO2 emissions (kt),EN.ATM.CO2E.KT,2008,4019.99998092651
Benin,BEN,CO2 emissions (kt),EN.ATM.CO2E.KT,2009,4420.00007629395
Benin,BEN,CO2 emissions (kt),EN.ATM.CO2E.KT,2010,4829.99992370605
Benin,BEN,CO2 emissions (kt),EN.ATM.CO2E.KT,2011,4650.00009536743
Benin,BEN,CO2 emissions (kt),EN.ATM.CO2E.KT,2012,4440.00005722046
Benin,BEN,CO2 emissions (kt),EN.ATM.CO2E.KT,2013,4679.99982833862
Benin,BEN,CO2 emissions (kt),EN.ATM.CO2E.KT,2014,5190.00005722046
Benin,BEN,CO2 emissions (kt),EN.ATM.CO2E.KT,2015,5510.00022888184
Benin,BEN,CO2 emissions (kt),EN.ATM.CO2E.KT,2016,6739.99977111816
Benin,BEN,CO2 emissions (kt),EN.ATM.CO2E.KT,2017,6869.99988555908
Benin,BEN,CO2 emissions (kt),EN.ATM.CO2E.KT,2018,7420.00007629395
Benin,BEN,CO2 emissions (kt),EN.ATM.CO2E.KT,2019,7300.00019073486
Benin,BEN,CO2 emissions (kt),EN.ATM.CO2E.KT,2020,
Benin,BEN,CO2 emissions (kt),EN.ATM.CO2E.KT,2021,
Burkina Faso,BFA,CO2 emissions (kt),EN.ATM.CO2E.KT,1960,
Burkina Faso,BFA,CO2 emissions (kt),EN.ATM.CO2E.KT,1961,
Burkina Faso,BFA,CO2 emissions (kt),EN.ATM.CO2E.KT,1962,
Burkina Faso,BFA,CO2 emissions (kt),EN.ATM.CO2E.KT,1963,
Burkina Faso,BFA,CO2 emissions (kt),EN.ATM.CO2E.KT,1964,
Burkina Faso,BFA,CO2 emissions (kt),EN.ATM.CO2E.KT,1965,
Burkina Faso,BFA,CO2 emissions (kt),EN.ATM.CO2E.KT,1966,
Burkina Faso,BFA,CO2 emissions (kt),EN.ATM.CO2E.KT,1967,
Burkina Faso,BFA,CO2 emissions (kt),EN.ATM.CO2E.KT,1968,
Burkina Faso,BFA,CO2 emissions (kt),EN.ATM.CO2E.KT,1969,
Burkina Faso,BFA,CO2 emissions (kt),EN.ATM.CO2E.KT,1970,
Burkina Faso,BFA,CO2 emissions (kt),EN.ATM.CO2E.KT,1971,
Burkina Faso,BFA,CO2 emissions (kt),EN.ATM.CO2E.KT,1972,
Burkina Faso,BFA,CO2 emissions (kt),EN.ATM.CO2E.KT,1973,
Burkina Faso,BFA,CO2 emissions (kt),EN.ATM.CO2E.KT,1974,
Burkina Faso,BFA,CO2 emissions (kt),EN.ATM.CO2E.KT,1975,
Burkina Faso,BFA,CO2 emissions (kt),EN.ATM.CO2E.KT,1976,
Burkina Faso,BFA,CO2 emissions (kt),EN.ATM.CO2E.KT,1977,
Burkina Faso,BFA,CO2 emissions (kt),EN.ATM.CO2E.KT,1978,
Burkina Faso,BFA,CO2 emissions (kt),EN.ATM.CO2E.KT,1979,
Burkina Faso,BFA,CO2 emissions (kt),EN.ATM.CO2E.KT,1980,
Burkina Faso,BFA,CO2 emissions (kt),EN.ATM.CO2E.KT,1981,
Burkina Faso,BFA,CO2 emissions (kt),EN.ATM.CO2E.KT,1982,
Burkina Faso,BFA,CO2 emissions (kt),EN.ATM.CO2E.KT,1983,
Burkina Faso,BFA,CO2 emissions (kt),EN.ATM.CO2E.KT,1984,
Burkina Faso,BFA,CO2 emissions (kt),EN.ATM.CO2E.KT,1985,
Burkina Faso,BFA,CO2 emissions (kt),EN.ATM.CO2E.KT,1986,
Burkina Faso,BFA,CO2 emissions (kt),EN.ATM.CO2E.KT,1987,
Burkina Faso,BFA,CO2 emissions (kt),EN.ATM.CO2E.KT,1988,
Burkina Faso,BFA,CO2 emissions (kt),EN.ATM.CO2E.KT,1989,
Burkina Faso,BFA,CO2 emissions (kt),EN.ATM.CO2E.KT,1990,500
Burkina Faso,BFA,CO2 emissions (kt),EN.ATM.CO2E.KT,1991,510
Burkina Faso,BFA,CO2 emissions (kt),EN.ATM.CO2E.KT,1992,520
Burkina Faso,BFA,CO2 emissions (kt),EN.ATM.CO2E.KT,1993,530
Burkina Faso,BFA,CO2 emissions (kt),EN.ATM.CO2E.KT,1994,540
Burkina Faso,BFA,CO2 emissions (kt),EN.ATM.CO2E.KT,1995,570
Burkina Faso,BFA,CO2 emissions (kt),EN.ATM.CO2E.KT,1996,630
Burkina Faso,BFA,CO2 emissions (kt),EN.ATM.CO2E.KT,1997,690
Burkina Faso,BFA,CO2 emissions (kt),EN.ATM.CO2E.KT,1998,760
Burkina Faso,BFA,CO2 emissions (kt),EN.ATM.CO2E.KT,1999,890
Burkina Faso,BFA,CO2 emissions (kt),EN.ATM.CO2E.KT,2000,940
Burkina Faso,BFA,CO2 emissions (kt),EN.ATM.CO2E.KT,2001,970
Burkina Faso,BFA,CO2 emissions (kt),EN.ATM.CO2E.KT,2002,959.999978542328
Burkina Faso,BFA,CO2 emissions (kt),EN.ATM.CO2E.KT,2003,1039.99996185303
Burkina Faso,BFA,CO2 emissions (kt),EN.ATM.CO2E.KT,2004,1059.99994277954
Burkina Faso,BFA,CO2 emissions (kt),EN.ATM.CO2E.KT,2005,1059.99994277954
Burkina Faso,BFA,CO2 emissions (kt),EN.ATM.CO2E.KT,2006,1240.00000953674
Burkina Faso,BFA,CO2 emissions (kt),EN.ATM.CO2E.KT,2007,1409.9999666214
Burkina Faso,BFA,CO2 emissions (kt),EN.ATM.CO2E.KT,2008,1700.00004768372
Burkina Faso,BFA,CO2 emissions (kt),EN.ATM.CO2E.KT,2009,1730.00001907349
Burkina Faso,BFA,CO2 emissions (kt),EN.ATM.CO2E.KT,2010,2289.99996185303
Burkina Faso,BFA,CO2 emissions (kt),EN.ATM.CO2E.KT,2011,2460.00003814697
Burkina Faso,BFA,CO2 emissions (kt),EN.ATM.CO2E.KT,2012,2940.00005722046
Burkina Faso,BFA,CO2 emissions (kt),EN.ATM.CO2E.KT,2013,3130.00011444092
Burkina Faso,BFA,CO2 emissions (kt),EN.ATM.CO2E.KT,2014,3180.0000667572
Burkina Faso,BFA,CO2 emissions (kt),EN.ATM.CO2E.KT,2015,3700.00004768372
Burkina Faso,BFA,CO2 emissions (kt),EN.ATM.CO2E.KT,2016,3700.00004768372
Burkina Faso,BFA,CO2 emissions (kt),EN.ATM.CO2E.KT,2017,4269.99998092651
Burkina Faso,BFA,CO2 emissions (kt),EN.ATM.CO2E.KT,2018,4670.00007629395
Burkina Faso,BFA,CO2 emissions (kt),EN.ATM.CO2E.KT,2019,5000
Burkina Faso,BFA,CO2 emissions (kt),EN.ATM.CO2E.KT,2020,
Burkina Faso,BFA,CO2 emissions (kt),EN.ATM.CO2E.KT,2021,
Bangladesh,BGD,CO2 emissions (kt),EN.ATM.CO2E.KT,1960,
Bangladesh,BGD,CO2 emissions (kt),EN.ATM.CO2E.KT,1961,
Bangladesh,BGD,CO2 emissions (kt),EN.ATM.CO2E.KT,1962,
Bangladesh,BGD,CO2 emissions (kt),EN.ATM.CO2E.KT,1963,
Bangladesh,BGD,CO2 emissions (kt),EN.ATM.CO2E.KT,1964,
Bangladesh,BGD,CO2 emissions (kt),EN.ATM.CO2E.KT,1965,
Bangladesh,BGD,CO2 emissions (kt),EN.ATM.CO2E.KT,1966,
Bangladesh,BGD,CO2 emissions (kt),EN.ATM.CO2E.KT,1967,
Bangladesh,BGD,CO2 emissions (kt),EN.ATM.CO2E.KT,1968,
Bangladesh,BGD,CO2 emissions (kt),EN.ATM.CO2E.KT,1969,
Bangladesh,BGD,CO2 emissions (kt),EN.ATM.CO2E.KT,1970,
Bangladesh,BGD,CO2 emissions (kt),EN.ATM.CO2E.KT,1971,
Bangladesh,BGD,CO2 emissions (kt),EN.ATM.CO2E.KT,1972,
Bangladesh,BGD,CO2 emissions (kt),EN.ATM.CO2E.KT,1973,
Bangladesh,BGD,CO2 emissions (kt),EN.ATM.CO2E.KT,1974,
Bangladesh,BGD,CO2 emissions (kt),EN.ATM.CO2E.KT,1975,
Bangladesh,BGD,CO2 emissions (kt),EN.ATM.CO2E.KT,1976,
Bangladesh,BGD,CO2 emissions (kt),EN.ATM.CO2E.KT,1977,
Bangladesh,BGD,CO2 emissions (kt),EN.ATM.CO2E.KT,1978,
Bangladesh,BGD,CO2 emissions (kt),EN.ATM.CO2E.KT,1979,
Bangladesh,BGD,CO2 emissions (kt),EN.ATM.CO2E.KT,1980,
Bangladesh,BGD,CO2 emissions (kt),EN.ATM.CO2E.KT,1981,
Bangladesh,BGD,CO2 emissions (kt),EN.ATM.CO2E.KT,1982,
Bangladesh,BGD,CO2 emissions (kt),EN.ATM.CO2E.KT,1983,
Bangladesh,BGD,CO2 emissions (kt),EN.ATM.CO2E.KT,1984,
Bangladesh,BGD,CO2 emissions (kt),EN.ATM.CO2E.KT,1985,
Bangladesh,BGD,CO2 emissions (kt),EN.ATM.CO2E.KT,1986,
Bangladesh,BGD,CO2 emissions (kt),EN.ATM.CO2E.KT,1987,
Bangladesh,BGD,CO2 emissions (kt),EN.ATM.CO2E.KT,1988,
Bangladesh,BGD,CO2 emissions (kt),EN.ATM.CO2E.KT,1989,
Bangladesh,BGD,CO2 emissions (kt),EN.ATM.CO2E.KT,1990,11520
Bangladesh,BGD,CO2 emissions (kt),EN.ATM.CO2E.KT,1991,10830
Bangladesh,BGD,CO2 emissions (kt),EN.ATM.CO2E.KT,1992,11820
Bangladesh,BGD,CO2 emissions (kt),EN.ATM.CO2E.KT,1993,12570
Bangladesh,BGD,CO2 emissions (kt),EN.ATM.CO2E.KT,1994,13540
Bangladesh,BGD,CO2 emissions (kt),EN.ATM.CO2E.KT,1995,16550
Bangladesh,BGD,CO2 emissions (kt),EN.ATM.CO2E.KT,1996,16830
Bangladesh,BGD,CO2 emissions (kt),EN.ATM.CO2E.KT,1997,18970
Bangladesh,BGD,CO2 emissions (kt),EN.ATM.CO2E.KT,1998,19250
Bangladesh,BGD,CO2 emissions (kt),EN.ATM.CO2E.KT,1999,20110
Bangladesh,BGD,CO2 emissions (kt),EN.ATM.CO2E.KT,2000,21650
Bangladesh,BGD,CO2 emissions (kt),EN.ATM.CO2E.KT,2001,25780
Bangladesh,BGD,CO2 emissions (kt),EN.ATM.CO2E.KT,2002,27430.0003051758
Bangladesh,BGD,CO2 emissions (kt),EN.ATM.CO2E.KT,2003,28629.9991607666
Bangladesh,BGD,CO2 emissions (kt),EN.ATM.CO2E.KT,2004,30530.0006866455
Bangladesh,BGD,CO2 emissions (kt),EN.ATM.CO2E.KT,2005,32709.9990844727
Bangladesh,BGD,CO2 emissions (kt),EN.ATM.CO2E.KT,2006,35900.0015258789
Bangladesh,BGD,CO2 emissions (kt),EN.ATM.CO2E.KT,2007,37990.0016784668
Bangladesh,BGD,CO2 emissions (kt),EN.ATM.CO2E.KT,2008,41580.0018310547
Bangladesh,BGD,CO2 emissions (kt),EN.ATM.CO2E.KT,2009,44750
Bangladesh,BGD,CO2 emissions (kt),EN.ATM.CO2E.KT,2010,50580.0018310547
Bangladesh,BGD,CO2 emissions (kt),EN.ATM.CO2E.KT,2011,54419.9981689453
Bangladesh,BGD,CO2 emissions (kt),EN.ATM.CO2E.KT,2012,57990.0016784668
Bangladesh,BGD,CO2 emissions (kt),EN.ATM.CO2E.KT,2013,60599.9984741211
Bangladesh,BGD,CO2 emissions (kt),EN.ATM.CO2E.KT,2014,63830.0018310547
Bangladesh,BGD,CO2 emissions (kt),EN.ATM.CO2E.KT,2015,72190.0024414063
Bangladesh,BGD,CO2 emissions (kt),EN.ATM.CO2E.KT,2016,74379.997253418
Bangladesh,BGD,CO2 emissions (kt),EN.ATM.CO2E.KT,2017,79339.9963378906
Bangladesh,BGD,CO2 emissions (kt),EN.ATM.CO2E.KT,2018,83449.9969482422
Bangladesh,BGD,CO2 emissions (kt),EN.ATM.CO2E.KT,2019,90739.9978637695
Bangladesh,BGD,CO2 emissions (kt),EN.ATM.CO2E.KT,2020,
Bangladesh,BGD,CO2 emissions (kt),EN.ATM.CO2E.KT,2021,
Bulgaria,BGR,CO2 emissions (kt),EN.ATM.CO2E.KT,1960,
Bulgaria,BGR,CO2 emissions (kt),EN.ATM.CO2E.KT,1961,
Bulgaria,BGR,CO2 emissions (kt),EN.ATM.CO2E.KT,1962,
Bulgaria,BGR,CO2 emissions (kt),EN.ATM.CO2E.KT,1963,
Bulgaria,BGR,CO2 emissions (kt),EN.ATM.CO2E.KT,1964,
Bulgaria,BGR,CO2 emissions (kt),EN.ATM.CO2E.KT,1965,
Bulgaria,BGR,CO2 emissions (kt),EN.ATM.CO2E.KT,1966,
Bulgaria,BGR,CO2 emissions (kt),EN.ATM.CO2E.KT,1967,
Bulgaria,BGR,CO2 emissions (kt),EN.ATM.CO2E.KT,1968,
Bulgaria,BGR,CO2 emissions (kt),EN.ATM.CO2E.KT,1969,
Bulgaria,BGR,CO2 emissions (kt),EN.ATM.CO2E.KT,1970,
Bulgaria,BGR,CO2 emissions (kt),EN.ATM.CO2E.KT,1971,
Bulgaria,BGR,CO2 emissions (kt),EN.ATM.CO2E.KT,1972,
Bulgaria,BGR,CO2 emissions (kt),EN.ATM.CO2E.KT,1973,
Bulgaria,BGR,CO2 emissions (kt),EN.ATM.CO2E.KT,1974,
Bulgaria,BGR,CO2 emissions (kt),EN.ATM.CO2E.KT,1975,
Bulgaria,BGR,CO2 emissions (kt),EN.ATM.CO2E.KT,1976,
Bulgaria,BGR,CO2 emissions (kt),EN.ATM.CO2E.KT,1977,
Bulgaria,BGR,CO2 emissions (kt),EN.ATM.CO2E.KT,1978,
Bulgaria,BGR,CO2 emissions (kt),EN.ATM.CO2E.KT,1979,
Bulgaria,BGR,CO2 emissions (kt),EN.ATM.CO2E.KT,1980,
Bulgaria,BGR,CO2 emissions (kt),EN.ATM.CO2E.KT,1981,
Bulgaria,BGR,CO2 emissions (kt),EN.ATM.CO2E.KT,1982,
Bulgaria,BGR,CO2 emissions (kt),EN.ATM.CO2E.KT,1983,
Bulgaria,BGR,CO2 emissions (kt),EN.ATM.CO2E.KT,1984,
Bulgaria,BGR,CO2 emissions (kt),EN.ATM.CO2E.KT,1985,
Bulgaria,BGR,CO2 emissions (kt),EN.ATM.CO2E.KT,1986,
Bulgaria,BGR,CO2 emissions (kt),EN.ATM.CO2E.KT,1987,
Bulgaria,BGR,CO2 emissions (kt),EN.ATM.CO2E.KT,1988,
Bulgaria,BGR,CO2 emissions (kt),EN.ATM.CO2E.KT,1989,
Bulgaria,BGR,CO2 emissions (kt),EN.ATM.CO2E.KT,1990,73610
Bulgaria,BGR,CO2 emissions (kt),EN.ATM.CO2E.KT,1991,58830
Bulgaria,BGR,CO2 emissions (kt),EN.ATM.CO2E.KT,1992,55360
Bulgaria,BGR,CO2 emissions (kt),EN.ATM.CO2E.KT,1993,55930
Bulgaria,BGR,CO2 emissions (kt),EN.ATM.CO2E.KT,1994,53720
Bulgaria,BGR,CO2 emissions (kt),EN.ATM.CO2E.KT,1995,54880
Bulgaria,BGR,CO2 emissions (kt),EN.ATM.CO2E.KT,1996,55300
Bulgaria,BGR,CO2 emissions (kt),EN.ATM.CO2E.KT,1997,52990
Bulgaria,BGR,CO2 emissions (kt),EN.ATM.CO2E.KT,1998,50480
Bulgaria,BGR,CO2 emissions (kt),EN.ATM.CO2E.KT,1999,44320
Bulgaria,BGR,CO2 emissions (kt),EN.ATM.CO2E.KT,2000,43420
Bulgaria,BGR,CO2 emissions (kt),EN.ATM.CO2E.KT,2001,46190
Bulgaria,BGR,CO2 emissions (kt),EN.ATM.CO2E.KT,2002,43599.9984741211
Bulgaria,BGR,CO2 emissions (kt),EN.ATM.CO2E.KT,2003,47930.0003051758
Bulgaria,BGR,CO2 emissions (kt),EN.ATM.CO2E.KT,2004,47270.0004577637
Bulgaria,BGR,CO2 emissions (kt),EN.ATM.CO2E.KT,2005,47990.0016784668
Bulgaria,BGR,CO2 emissions (kt),EN.ATM.CO2E.KT,2006,48950.0007629395
Bulgaria,BGR,CO2 emissions (kt),EN.ATM.CO2E.KT,2007,52599.9984741211
Bulgaria,BGR,CO2 emissions (kt),EN.ATM.CO2E.KT,2008,50040.0009155273
Bulgaria,BGR,CO2 emissions (kt),EN.ATM.CO2E.KT,2009,42909.9998474121
Bulgaria,BGR,CO2 emissions (kt),EN.ATM.CO2E.KT,2010,44740.0016784668
Bulgaria,BGR,CO2 emissions (kt),EN.ATM.CO2E.KT,2011,49639.9993896484
Bulgaria,BGR,CO2 emissions (kt),EN.ATM.CO2E.KT,2012,45020.0004577637
Bulgaria,BGR,CO2 emissions (kt),EN.ATM.CO2E.KT,2013,39659.9998474121
Bulgaria,BGR,CO2 emissions (kt),EN.ATM.CO2E.KT,2014,42049.9992370605
Bulgaria,BGR,CO2 emissions (kt),EN.ATM.CO2E.KT,2015,44560.001373291
Bulgaria,BGR,CO2 emissions (kt),EN.ATM.CO2E.KT,2016,41590.0001525879
Bulgaria,BGR,CO2 emissions (kt),EN.ATM.CO2E.KT,2017,43880.0010681152
Bulgaria,BGR,CO2 emissions (kt),EN.ATM.CO2E.KT,2018,40900.0015258789
Bulgaria,BGR,CO2 emissions (kt),EN.ATM.CO2E.KT,2019,39139.9993896484
Bulgaria,BGR,CO2 emissions (kt),EN.ATM.CO2E.KT,2020,
Bulgaria,BGR,CO2 emissions (kt),EN.ATM.CO2E.KT,2021,